index,close
2010-03-29,0.0
2010-03-30,0.0
2010-03-31,0.0
2010-04-01,0.0
2010-04-02,0.0
2010-04-03,0.0
2010-04-04,0.0
2010-04-05,0.0
2010-04-06,0.0
2010-04-07,0.0
2010-04-08,0.0
2010-04-09,0.0
2010-04-10,0.0
2010-04-11,0.0
2010-04-12,0.0
2010-04-13,0.0
2010-04-14,0.0
2010-04-15,0.0
2010-04-16,0.0
2010-04-17,0.0
2010-04-18,0.0
2010-04-19,0.0
2010-04-20,0.0
2010-04-21,0.0
2010-04-22,0.0
2010-04-23,0.0
2010-04-24,0.0
2010-04-25,0.0
2010-04-26,0.0
2010-04-27,0.0
2010-04-28,0.0
2010-04-29,0.0
2010-04-30,0.0
2010-05-01,0.0
2010-05-02,0.0
2010-05-03,0.0
2010-05-04,0.0
2010-05-05,0.0
2010-05-06,0.0
2010-05-07,0.0
2010-05-08,0.0
2010-05-09,0.0
2010-05-10,0.0
2010-05-11,0.0
2010-05-12,0.0
2010-05-13,0.0
2010-05-14,0.0
2010-05-15,0.0
2010-05-16,0.0
2010-05-17,0.0
2010-05-18,0.0
2010-05-19,0.0
2010-05-20,0.0
2010-05-21,0.0
2010-05-22,0.0
2010-05-23,0.0
2010-05-24,0.0
2010-05-25,0.0
2010-05-26,0.0
2010-05-27,0.0
2010-05-28,0.0
2010-05-29,0.0
2010-05-30,0.0
2010-05-31,0.0
2010-06-01,0.0
2010-06-02,0.0
2010-06-03,0.0
2010-06-04,0.0
2010-06-05,0.0
2010-06-06,0.0
2010-06-07,0.0
2010-06-08,0.0
2010-06-09,0.0
2010-06-10,0.0
2010-06-11,0.0
2010-06-12,0.0
2010-06-13,0.0
2010-06-14,0.0
2010-06-15,0.0
2010-06-16,0.0
2010-06-17,0.0
2010-06-18,0.0
2010-06-19,0.0
2010-06-20,0.0
2010-06-21,0.0
2010-06-22,0.0
2010-06-23,0.0
2010-06-24,0.0
2010-06-25,0.0
2010-06-26,0.0
2010-06-27,0.0
2010-06-28,0.0
2010-06-29,0.0
2010-06-30,0.0
2010-07-01,0.0
2010-07-02,0.0
2010-07-03,0.0
2010-07-04,0.0
2010-07-05,0.0
2010-07-06,0.0
2010-07-07,0.0
2010-07-08,0.0
2010-07-09,0.0
2010-07-10,0.0
2010-07-11,0.0
2010-07-12,0.0
2010-07-13,0.0
2010-07-14,0.0
2010-07-15,0.0
2010-07-16,0.0
2010-07-17,0.0
2010-07-18,0.0
2010-07-19,0.0
2010-07-20,0.0
2010-07-21,0.0
2010-07-22,0.0
2010-07-23,0.0
2010-07-24,0.0
2010-07-25,0.0
2010-07-26,0.0
2010-07-27,0.0
2010-07-28,0.0
2010-07-29,0.0
2010-07-30,0.0
2010-07-31,0.0
2010-08-01,0.0
2010-08-02,0.0
2010-08-03,0.0
2010-08-04,0.0
2010-08-05,0.0
2010-08-06,0.0
2010-08-07,0.0
2010-08-08,0.0
2010-08-09,0.0
2010-08-10,0.0
2010-08-11,0.0
2010-08-12,0.0
2010-08-13,0.0
2010-08-14,0.0
2010-08-15,0.0
2010-08-16,0.0
2010-08-17,0.0
2010-08-18,0.0
2010-08-19,0.0
2010-08-20,0.0
2010-08-21,0.0
2010-08-22,0.0
2010-08-23,0.0
2010-08-24,0.0
2010-08-25,0.0
2010-08-26,0.0
2010-08-27,0.0
2010-08-28,0.0
2010-08-29,0.0
2010-08-30,0.0
2010-08-31,0.0
2010-09-01,0.0
2010-09-02,0.0
2010-09-03,0.0
2010-09-04,0.0
2010-09-05,0.0
2010-09-06,0.0
2010-09-07,0.0
2010-09-08,0.0
2010-09-09,0.0
2010-09-10,0.0
2010-09-11,0.0
2010-09-12,0.0
2010-09-13,0.0
2010-09-14,0.0
2010-09-15,0.0
2010-09-16,0.0
2010-09-17,0.0
2010-09-18,0.0
2010-09-19,0.0
2010-09-20,0.0
2010-09-21,0.0
2010-09-22,0.0
2010-09-23,0.0
2010-09-24,0.0
2010-09-25,0.0
2010-09-26,0.0
2010-09-27,0.0
2010-09-28,0.0
2010-09-29,0.0
2010-09-30,0.0
2010-10-01,0.0
2010-10-02,0.0
2010-10-03,0.0
2010-10-04,0.0
2010-10-05,0.0
2010-10-06,0.0
2010-10-07,0.0
2010-10-08,0.0
2010-10-09,0.0
2010-10-10,0.0
2010-10-11,0.0
2010-10-12,0.0
2010-10-13,0.0
2010-10-14,0.0
2010-10-15,0.0
2010-10-16,0.0
2010-10-17,0.0
2010-10-18,0.0
2010-10-19,0.0
2010-10-20,0.0
2010-10-21,0.0
2010-10-22,0.0
2010-10-23,0.0
2010-10-24,0.0
2010-10-25,0.0
2010-10-26,0.0
2010-10-27,0.0
2010-10-28,0.0
2010-10-29,0.0
2010-10-30,0.0
2010-10-31,0.0
2010-11-01,0.0
2010-11-02,0.0
2010-11-03,0.0
2010-11-04,0.0
2010-11-05,0.0
2010-11-06,0.0
2010-11-07,0.0
2010-11-08,0.0
2010-11-09,0.0
2010-11-10,0.0
2010-11-11,0.0
2010-11-12,0.0
2010-11-13,0.0
2010-11-14,0.0
2010-11-15,0.0
2010-11-16,0.0
2010-11-17,0.0
2010-11-18,0.0
2010-11-19,0.0
2010-11-20,0.0
2010-11-21,0.0
2010-11-22,0.0
2010-11-23,0.0
2010-11-24,0.0
2010-11-25,0.0
2010-11-26,0.0
2010-11-27,0.0
2010-11-28,0.0
2010-11-29,0.0
2010-11-30,0.0
2010-12-01,0.0
2010-12-02,0.0
2010-12-03,0.0
2010-12-04,0.0
2010-12-05,0.0
2010-12-06,0.0
2010-12-07,0.0
2010-12-08,0.0
2010-12-09,0.0
2010-12-10,0.0
2010-12-11,0.0
2010-12-12,0.0
2010-12-13,0.0
2010-12-14,0.0
2010-12-15,0.0
2010-12-16,0.0
2010-12-17,0.0
2010-12-18,0.0
2010-12-19,0.0
2010-12-20,0.0
2010-12-21,0.0
2010-12-22,0.0
2010-12-23,0.0
2010-12-24,0.0
2010-12-25,0.0
2010-12-26,0.0
2010-12-27,0.0
2010-12-28,0.0
2010-12-29,0.0
2010-12-30,0.0
2010-12-31,0.0
2011-01-01,0.0
2011-01-02,0.0
2011-01-03,0.0
2011-01-04,0.0
2011-01-05,0.0
2011-01-06,0.0
2011-01-07,0.0
2011-01-08,0.0
2011-01-09,0.0
2011-01-10,0.0
2011-01-11,0.0
2011-01-12,0.0
2011-01-13,0.0
2011-01-14,0.0
2011-01-15,0.0
2011-01-16,0.0
2011-01-17,0.0
2011-01-18,0.0
2011-01-19,0.0
2011-01-20,0.0
2011-01-21,0.0
2011-01-22,0.0
2011-01-23,0.0
2011-01-24,0.0
2011-01-25,0.0
2011-01-26,0.0
2011-01-27,0.0
2011-01-28,0.0
2011-01-29,0.0
2011-01-30,0.0
2011-01-31,0.0
2011-02-01,0.0
2011-02-02,0.0
2011-02-03,0.0
2011-02-04,0.0
2011-02-05,0.0
2011-02-06,0.0
2011-02-07,0.0
2011-02-08,0.0
2011-02-09,0.0
2011-02-10,0.0
2011-02-11,0.0
2011-02-12,0.0
2011-02-13,0.0
2011-02-14,0.0
2011-02-15,0.0
2011-02-16,0.0
2011-02-17,0.0
2011-02-18,0.0
2011-02-19,0.0
2011-02-20,0.0
2011-02-21,0.0
2011-02-22,0.0
2011-02-23,0.0
2011-02-24,0.0
2011-02-25,0.0
2011-02-26,0.0
2011-02-27,0.0
2011-02-28,0.0
2011-03-01,0.0
2011-03-02,0.0
2011-03-03,0.0
2011-03-04,0.0
2011-03-05,0.0
2011-03-06,0.0
2011-03-07,0.0
2011-03-08,0.0
2011-03-09,0.0
2011-03-10,0.0
2011-03-11,0.0
2011-03-12,0.0
2011-03-13,0.0
2011-03-14,0.0
2011-03-15,0.0
2011-03-16,0.0
2011-03-17,0.0
2011-03-18,0.0
2011-03-19,0.0
2011-03-20,0.0
2011-03-21,0.0
2011-03-22,0.0
2011-03-23,0.0
2011-03-24,0.0
2011-03-25,0.0
2011-03-26,0.0
2011-03-27,0.0
2011-03-28,0.0
2011-03-29,0.0
2011-03-30,0.0
2011-03-31,0.0
2011-04-01,0.0
2011-04-02,0.0
2011-04-03,0.0
2011-04-04,0.0
2011-04-05,0.0
2011-04-06,0.0
2011-04-07,0.0
2011-04-08,0.0
2011-04-09,0.0
2011-04-10,0.0
2011-04-11,0.0
2011-04-12,0.0
2011-04-13,0.0
2011-04-14,0.0
2011-04-15,0.0
2011-04-16,0.0
2011-04-17,0.0
2011-04-18,0.0
2011-04-19,0.0
2011-04-20,0.0
2011-04-21,0.0
2011-04-22,0.0
2011-04-23,0.0
2011-04-24,0.0
2011-04-25,0.0
2011-04-26,0.0
2011-04-27,0.0
2011-04-28,0.0
2011-04-29,0.0
2011-04-30,0.0
2011-05-01,0.0
2011-05-02,0.0
2011-05-03,0.0
2011-05-04,0.0
2011-05-05,0.0
2011-05-06,0.0
2011-05-07,0.0
2011-05-08,0.0
2011-05-09,0.0
2011-05-10,0.0
2011-05-11,0.0
2011-05-12,0.0
2011-05-13,0.0
2011-05-14,0.0
2011-05-15,0.0
2011-05-16,0.0
2011-05-17,0.0
2011-05-18,0.0
2011-05-19,0.0
2011-05-20,0.0
2011-05-21,0.0
2011-05-22,0.0
2011-05-23,0.0
2011-05-24,0.0
2011-05-25,0.0
2011-05-26,0.0
2011-05-27,0.0
2011-05-28,0.0
2011-05-29,0.0
2011-05-30,0.0
2011-05-31,0.0
2011-06-01,0.0
2011-06-02,0.0
2011-06-03,0.0
2011-06-04,0.0
2011-06-05,0.0
2011-06-06,0.0
2011-06-07,0.0
2011-06-08,0.0
2011-06-09,0.0
2011-06-10,0.0
2011-06-11,0.0
2011-06-12,0.0
2011-06-13,0.0
2011-06-14,0.0
2011-06-15,0.0
2011-06-16,0.0
2011-06-17,0.0
2011-06-18,0.0
2011-06-19,0.0
2011-06-20,0.0
2011-06-21,0.0
2011-06-22,0.0
2011-06-23,0.0
2011-06-24,0.0
2011-06-25,0.0
2011-06-26,0.0
2011-06-27,0.0
2011-06-28,0.0
2011-06-29,0.0
2011-06-30,0.0
2011-07-01,0.0
2011-07-02,0.0
2011-07-03,0.0
2011-07-04,0.0
2011-07-05,0.0
2011-07-06,0.0
2011-07-07,0.0
2011-07-08,0.0
2011-07-09,0.0
2011-07-10,0.0
2011-07-11,0.0
2011-07-12,0.0
2011-07-13,0.0
2011-07-14,0.0
2011-07-15,0.0
2011-07-16,0.0
2011-07-17,0.0
2011-07-18,0.0
2011-07-19,0.0
2011-07-20,0.0
2011-07-21,0.0
2011-07-22,0.0
2011-07-23,0.0
2011-07-24,0.0
2011-07-25,0.0
2011-07-26,0.0
2011-07-27,0.0
2011-07-28,0.0
2011-07-29,0.0
2011-07-30,0.0
2011-07-31,0.0
2011-08-01,0.0
2011-08-02,0.0
2011-08-03,0.0
2011-08-04,0.0
2011-08-05,0.0
2011-08-06,0.0
2011-08-07,0.0
2011-08-08,0.0
2011-08-09,0.0
2011-08-10,0.0
2011-08-11,0.0
2011-08-12,0.0
2011-08-13,0.0
2011-08-14,0.0
2011-08-15,0.0
2011-08-16,0.0
2011-08-17,0.0
2011-08-18,0.0
2011-08-19,0.0
2011-08-20,0.0
2011-08-21,0.0
2011-08-22,0.0
2011-08-23,0.0
2011-08-24,0.0
2011-08-25,0.0
2011-08-26,0.0
2011-08-27,0.0
2011-08-28,0.0
2011-08-29,0.0
2011-08-30,0.0
2011-08-31,0.0
2011-09-01,0.0
2011-09-02,0.0
2011-09-03,0.0
2011-09-04,0.0
2011-09-05,0.0
2011-09-06,0.0
2011-09-07,0.0
2011-09-08,0.0
2011-09-09,0.0
2011-09-10,0.0
2011-09-11,0.0
2011-09-12,0.0
2011-09-13,0.0
2011-09-14,0.0
2011-09-15,0.0
2011-09-16,0.0
2011-09-17,0.0
2011-09-18,0.0
2011-09-19,0.0
2011-09-20,0.0
2011-09-21,0.0
2011-09-22,0.0
2011-09-23,0.0
2011-09-24,0.0
2011-09-25,0.0
2011-09-26,0.0
2011-09-27,0.0
2011-09-28,0.0
2011-09-29,0.0
2011-09-30,0.0
2011-10-01,0.0
2011-10-02,0.0
2011-10-03,0.0
2011-10-04,0.0
2011-10-05,0.0
2011-10-06,0.0
2011-10-07,0.0
2011-10-08,0.0
2011-10-09,0.0
2011-10-10,0.0
2011-10-11,0.0
2011-10-12,0.0
2011-10-13,0.0
2011-10-14,0.0
2011-10-15,0.0
2011-10-16,0.0
2011-10-17,0.0
2011-10-18,0.0
2011-10-19,0.0
2011-10-20,0.0
2011-10-21,0.0
2011-10-22,0.0
2011-10-23,0.0
2011-10-24,0.0
2011-10-25,0.0
2011-10-26,0.0
2011-10-27,0.0
2011-10-28,0.0
2011-10-29,0.0
2011-10-30,0.0
2011-10-31,0.0
2011-11-01,0.0
2011-11-02,0.0
2011-11-03,0.0
2011-11-04,0.0
2011-11-05,0.0
2011-11-06,0.0
2011-11-07,0.0
2011-11-08,0.0
2011-11-09,0.0
2011-11-10,0.0
2011-11-11,0.0
2011-11-12,0.0
2011-11-13,0.0
2011-11-14,0.0
2011-11-15,0.0
2011-11-16,0.0
2011-11-17,0.0
2011-11-18,0.0
2011-11-19,0.0
2011-11-20,0.0
2011-11-21,0.0
2011-11-22,0.0
2011-11-23,0.0
2011-11-24,0.0
2011-11-25,0.0
2011-11-26,0.0
2011-11-27,0.0
2011-11-28,0.0
2011-11-29,0.0
2011-11-30,0.0
2011-12-01,0.0
2011-12-02,0.0
2011-12-03,0.0
2011-12-04,0.0
2011-12-05,0.0
2011-12-06,0.0
2011-12-07,0.0
2011-12-08,0.0
2011-12-09,0.0
2011-12-10,0.0
2011-12-11,0.0
2011-12-12,0.0
2011-12-13,0.0
2011-12-14,0.0
2011-12-15,0.0
2011-12-16,0.0
2011-12-17,0.0
2011-12-18,0.0
2011-12-19,0.0
2011-12-20,0.0
2011-12-21,0.0
2011-12-22,0.0
2011-12-23,0.0
2011-12-24,0.0
2011-12-25,0.0
2011-12-26,0.0
2011-12-27,0.0
2011-12-28,0.0
2011-12-29,0.0
2011-12-30,0.0
2011-12-31,0.0
2012-01-01,0.0
2012-01-02,0.0
2012-01-03,0.0
2012-01-04,0.0
2012-01-05,0.0
2012-01-06,0.0
2012-01-07,0.0
2012-01-08,0.0
2012-01-09,0.0
2012-01-10,0.0
2012-01-11,0.0
2012-01-12,0.0
2012-01-13,0.0
2012-01-14,0.0
2012-01-15,0.0
2012-01-16,0.0
2012-01-17,0.0
2012-01-18,0.0
2012-01-19,0.0
2012-01-20,0.0
2012-01-21,0.0
2012-01-22,0.0
2012-01-23,0.0
2012-01-24,0.0
2012-01-25,0.0
2012-01-26,0.0
2012-01-27,0.0
2012-01-28,0.0
2012-01-29,0.0
2012-01-30,0.0
2012-01-31,0.0
2012-02-01,0.0
2012-02-02,0.0
2012-02-03,0.0
2012-02-04,0.0
2012-02-05,0.0
2012-02-06,0.0
2012-02-07,0.0
2012-02-08,0.0
2012-02-09,0.0
2012-02-10,0.0
2012-02-11,0.0
2012-02-12,0.0
2012-02-13,0.0
2012-02-14,0.0
2012-02-15,0.0
2012-02-16,0.0
2012-02-17,0.0
2012-02-18,0.0
2012-02-19,0.0
2012-02-20,0.0
2012-02-21,0.0
2012-02-22,0.0
2012-02-23,0.0
2012-02-24,0.0
2012-02-25,0.0
2012-02-26,0.0
2012-02-27,0.0
2012-02-28,0.0
2012-02-29,0.0
2012-03-01,0.0
2012-03-02,0.0
2012-03-03,0.0
2012-03-04,0.0
2012-03-05,0.0
2012-03-06,0.0
2012-03-07,0.0
2012-03-08,0.0
2012-03-09,0.0
2012-03-10,0.0
2012-03-11,0.0
2012-03-12,0.0
2012-03-13,0.0
2012-03-14,0.0
2012-03-15,0.0
2012-03-16,0.0
2012-03-17,0.0
2012-03-18,0.0
2012-03-19,0.0
2012-03-20,0.0
2012-03-21,0.0
2012-03-22,0.0
2012-03-23,0.0
2012-03-24,0.0
2012-03-25,0.0
2012-03-26,0.0
2012-03-27,0.0
2012-03-28,0.0
2012-03-29,0.0
2012-03-30,0.0
2012-03-31,0.0
2012-04-01,0.0
2012-04-02,0.0
2012-04-03,0.0
2012-04-04,0.0
2012-04-05,0.0
2012-04-06,0.0
2012-04-07,0.0
2012-04-08,0.0
2012-04-09,0.0
2012-04-10,0.0
2012-04-11,0.0
2012-04-12,0.0
2012-04-13,0.0
2012-04-14,0.0
2012-04-15,0.0
2012-04-16,0.0
2012-04-17,0.0
2012-04-18,0.0
2012-04-19,0.0
2012-04-20,0.0
2012-04-21,0.0
2012-04-22,0.0
2012-04-23,0.0
2012-04-24,0.0
2012-04-25,0.0
2012-04-26,0.0
2012-04-27,0.0
2012-04-28,0.0
2012-04-29,0.0
2012-04-30,0.0
2012-05-01,0.0
2012-05-02,0.0
2012-05-03,0.0
2012-05-04,0.0
2012-05-05,0.0
2012-05-06,0.0
2012-05-07,0.0
2012-05-08,0.0
2012-05-09,0.0
2012-05-10,0.0
2012-05-11,0.0
2012-05-12,0.0
2012-05-13,0.0
2012-05-14,0.0
2012-05-15,0.0
2012-05-16,0.0
2012-05-17,0.0
2012-05-18,0.0
2012-05-19,0.0
2012-05-20,0.0
2012-05-21,0.0
2012-05-22,0.0
2012-05-23,0.0
2012-05-24,0.0
2012-05-25,0.0
2012-05-26,0.0
2012-05-27,0.0
2012-05-28,0.0
2012-05-29,0.0
2012-05-30,0.0
2012-05-31,0.0
2012-06-01,0.0
2012-06-02,0.0
2012-06-03,0.0
2012-06-04,0.0
2012-06-05,0.0
2012-06-06,0.0
2012-06-07,0.0
2012-06-08,0.0
2012-06-09,0.0
2012-06-10,0.0
2012-06-11,0.0
2012-06-12,0.0
2012-06-13,0.0
2012-06-14,0.0
2012-06-15,0.0
2012-06-16,0.0
2012-06-17,0.0
2012-06-18,0.0
2012-06-19,0.0
2012-06-20,0.0
2012-06-21,0.0
2012-06-22,0.0
2012-06-23,0.0
2012-06-24,0.0
2012-06-25,0.0
2012-06-26,0.0
2012-06-27,0.0
2012-06-28,0.0
2012-06-29,0.0
2012-06-30,0.0
2012-07-01,0.0
2012-07-02,0.0
2012-07-03,0.0
2012-07-04,0.0
2012-07-05,0.0
2012-07-06,0.0
2012-07-07,0.0
2012-07-08,0.0
2012-07-09,0.0
2012-07-10,0.0
2012-07-11,0.0
2012-07-12,0.0
2012-07-13,0.0
2012-07-14,0.0
2012-07-15,0.0
2012-07-16,0.0
2012-07-17,0.0
2012-07-18,0.0
2012-07-19,0.0
2012-07-20,0.0
2012-07-21,0.0
2012-07-22,0.0
2012-07-23,0.0
2012-07-24,0.0
2012-07-25,0.0
2012-07-26,0.0
2012-07-27,0.0
2012-07-28,0.0
2012-07-29,0.0
2012-07-30,0.0
2012-07-31,0.0
2012-08-01,0.0
2012-08-02,0.0
2012-08-03,0.0
2012-08-04,0.0
2012-08-05,0.0
2012-08-06,0.0
2012-08-07,0.0
2012-08-08,0.0
2012-08-09,0.0
2012-08-10,0.0
2012-08-11,0.0
2012-08-12,0.0
2012-08-13,0.0
2012-08-14,0.0
2012-08-15,0.0
2012-08-16,0.0
2012-08-17,0.0
2012-08-18,0.0
2012-08-19,0.0
2012-08-20,0.0
2012-08-21,0.0
2012-08-22,0.0
2012-08-23,0.0
2012-08-24,0.0
2012-08-25,0.0
2012-08-26,0.0
2012-08-27,0.0
2012-08-28,0.0
2012-08-29,0.0
2012-08-30,0.0
2012-08-31,0.0
2012-09-01,0.0
2012-09-02,0.0
2012-09-03,0.0
2012-09-04,0.0
2012-09-05,0.0
2012-09-06,0.0
2012-09-07,0.0
2012-09-08,0.0
2012-09-09,0.0
2012-09-10,0.0
2012-09-11,0.0
2012-09-12,0.0
2012-09-13,0.0
2012-09-14,0.0
2012-09-15,0.0
2012-09-16,0.0
2012-09-17,0.0
2012-09-18,0.0
2012-09-19,0.0
2012-09-20,0.0
2012-09-21,0.0
2012-09-22,0.0
2012-09-23,0.0
2012-09-24,0.0
2012-09-25,0.0
2012-09-26,0.0
2012-09-27,0.0
2012-09-28,0.0
2012-09-29,0.0
2012-09-30,0.0
2012-10-01,0.0
2012-10-02,0.0
2012-10-03,0.0
2012-10-04,0.0
2012-10-05,0.0
2012-10-06,0.0
2012-10-07,0.0
2012-10-08,0.0
2012-10-09,0.0
2012-10-10,0.0
2012-10-11,0.0
2012-10-12,0.0
2012-10-13,0.0
2012-10-14,0.0
2012-10-15,0.0
2012-10-16,0.0
2012-10-17,0.0
2012-10-18,0.0
2012-10-19,0.0
2012-10-20,0.0
2012-10-21,0.0
2012-10-22,0.0
2012-10-23,0.0
2012-10-24,0.0
2012-10-25,0.0
2012-10-26,0.0
2012-10-27,0.0
2012-10-28,0.0
2012-10-29,0.0
2012-10-30,0.0
2012-10-31,0.0
2012-11-01,0.0
2012-11-02,0.0
2012-11-03,0.0
2012-11-04,0.0
2012-11-05,0.0
2012-11-06,0.0
2012-11-07,0.0
2012-11-08,0.0
2012-11-09,0.0
2012-11-10,0.0
2012-11-11,0.0
2012-11-12,0.0
2012-11-13,0.0
2012-11-14,0.0
2012-11-15,0.0
2012-11-16,0.0
2012-11-17,0.0
2012-11-18,0.0
2012-11-19,0.0
2012-11-20,0.0
2012-11-21,0.0
2012-11-22,0.0
2012-11-23,0.0
2012-11-24,0.0
2012-11-25,0.0
2012-11-26,0.0
2012-11-27,0.0
2012-11-28,0.0
2012-11-29,0.0
2012-11-30,0.0
2012-12-01,0.0
2012-12-02,0.0
2012-12-03,0.0
2012-12-04,0.0
2012-12-05,0.0
2012-12-06,0.0
2012-12-07,0.0
2012-12-08,0.0
2012-12-09,0.0
2012-12-10,0.0
2012-12-11,0.0
2012-12-12,0.0
2012-12-13,0.0
2012-12-14,0.0
2012-12-15,0.0
2012-12-16,0.0
2012-12-17,0.0
2012-12-18,0.0
2012-12-19,0.0
2012-12-20,0.0
2012-12-21,0.0
2012-12-22,0.0
2012-12-23,0.0
2012-12-24,0.0
2012-12-25,0.0
2012-12-26,0.0
2012-12-27,0.0
2012-12-28,0.0
2012-12-29,0.0
2012-12-30,0.0
2012-12-31,0.0
2013-01-01,0.0
2013-01-02,0.0
2013-01-03,0.0
2013-01-04,0.0
2013-01-05,0.0
2013-01-06,0.0
2013-01-07,0.0
2013-01-08,0.0
2013-01-09,0.0
2013-01-10,0.0
2013-01-11,0.0
2013-01-12,0.0
2013-01-13,0.0
2013-01-14,0.0
2013-01-15,0.0
2013-01-16,0.0
2013-01-17,0.0
2013-01-18,0.0
2013-01-19,0.0
2013-01-20,0.0
2013-01-21,0.0
2013-01-22,0.0
2013-01-23,0.0
2013-01-24,0.0
2013-01-25,0.0
2013-01-26,0.0
2013-01-27,0.0
2013-01-28,0.0
2013-01-29,0.0
2013-01-30,0.0
2013-01-31,0.0
2013-02-01,0.0
2013-02-02,0.0
2013-02-03,0.0
2013-02-04,0.0
2013-02-05,0.0
2013-02-06,0.0
2013-02-07,0.0
2013-02-08,0.0
2013-02-09,0.0
2013-02-10,0.0
2013-02-11,0.0
2013-02-12,0.0
2013-02-13,0.0
2013-02-14,0.0
2013-02-15,0.0
2013-02-16,0.0
2013-02-17,0.0
2013-02-18,0.0
2013-02-19,0.0
2013-02-20,0.0
2013-02-21,0.0
2013-02-22,0.0
2013-02-23,0.0
2013-02-24,0.0
2013-02-25,0.0
2013-02-26,0.0
2013-02-27,0.0
2013-02-28,0.0
2013-03-01,0.0
2013-03-02,0.0
2013-03-03,0.0
2013-03-04,0.0
2013-03-05,0.0
2013-03-06,0.0
2013-03-07,0.0
2013-03-08,0.0
2013-03-09,0.0
2013-03-10,0.0
2013-03-11,0.0
2013-03-12,0.0
2013-03-13,0.0
2013-03-14,0.0
2013-03-15,0.0
2013-03-16,0.0
2013-03-17,0.0
2013-03-18,0.0
2013-03-19,0.0
2013-03-20,0.0
2013-03-21,0.0
2013-03-22,0.0
2013-03-23,0.0
2013-03-24,0.0
2013-03-25,0.0
2013-03-26,0.0
2013-03-27,0.0
2013-03-28,0.0
2013-03-29,0.0
2013-03-30,0.0
2013-03-31,0.0
2013-04-01,0.0
2013-04-02,0.0
2013-04-03,0.0
2013-04-04,0.0
2013-04-05,0.0
2013-04-06,0.0
2013-04-07,0.0
2013-04-08,0.0
2013-04-09,0.0
2013-04-10,0.0
2013-04-11,0.0
2013-04-12,0.0
2013-04-13,0.0
2013-04-14,0.0
2013-04-15,0.0
2013-04-16,0.0
2013-04-17,0.0
2013-04-18,0.0
2013-04-19,0.0
2013-04-20,0.0
2013-04-21,0.0
2013-04-22,0.0
2013-04-23,0.0
2013-04-24,0.0
2013-04-25,0.0
2013-04-26,0.0
2013-04-27,0.0
2013-04-28,0.0
2013-04-29,0.0
2013-04-30,0.0
2013-05-01,0.0
2013-05-02,0.0
2013-05-03,0.0
2013-05-04,0.0
2013-05-05,0.0
2013-05-06,0.0
2013-05-07,0.0
2013-05-08,0.0
2013-05-09,0.0
2013-05-10,0.0
2013-05-11,0.0
2013-05-12,0.0
2013-05-13,0.0
2013-05-14,0.0
2013-05-15,0.0
2013-05-16,0.0
2013-05-17,0.0
2013-05-18,0.0
2013-05-19,0.0
2013-05-20,0.0
2013-05-21,0.0
2013-05-22,0.0
2013-05-23,0.0
2013-05-24,0.0
2013-05-25,0.0
2013-05-26,0.0
2013-05-27,0.0
2013-05-28,0.0
2013-05-29,0.0
2013-05-30,0.0
2013-05-31,0.0
2013-06-01,0.0
2013-06-02,0.0
2013-06-03,0.0
2013-06-04,0.0
2013-06-05,0.0
2013-06-06,0.0
2013-06-07,0.0
2013-06-08,0.0
2013-06-09,0.0
2013-06-10,0.0
2013-06-11,0.0
2013-06-12,0.0
2013-06-13,0.0
2013-06-14,0.0
2013-06-15,0.0
2013-06-16,0.0
2013-06-17,0.0
2013-06-18,0.0
2013-06-19,0.0
2013-06-20,0.0
2013-06-21,0.0
2013-06-22,0.0
2013-06-23,0.0
2013-06-24,0.0
2013-06-25,0.0
2013-06-26,0.0
2013-06-27,0.0
2013-06-28,0.0
2013-06-29,0.0
2013-06-30,0.0
2013-07-01,0.0
2013-07-02,0.0
2013-07-03,0.0
2013-07-04,0.0
2013-07-05,0.0
2013-07-06,0.0
2013-07-07,0.0
2013-07-08,0.0
2013-07-09,0.0
2013-07-10,0.0
2013-07-11,0.0
2013-07-12,0.0
2013-07-13,0.0
2013-07-14,0.0
2013-07-15,0.0
2013-07-16,0.0
2013-07-17,0.0
2013-07-18,0.0
2013-07-19,0.0
2013-07-20,0.0
2013-07-21,0.0
2013-07-22,0.0
2013-07-23,0.0
2013-07-24,0.0
2013-07-25,0.0
2013-07-26,0.0
2013-07-27,0.0
2013-07-28,0.0
2013-07-29,0.0
2013-07-30,0.0
2013-07-31,0.0
2013-08-01,0.0
2013-08-02,0.0
2013-08-03,0.0
2013-08-04,0.0
2013-08-05,0.0
2013-08-06,0.0
2013-08-07,0.0
2013-08-08,0.0
2013-08-09,0.0
2013-08-10,0.0
2013-08-11,0.0
2013-08-12,0.0
2013-08-13,0.0
2013-08-14,0.0
2013-08-15,0.0
2013-08-16,0.0
2013-08-17,0.0
2013-08-18,0.0
2013-08-19,0.0
2013-08-20,0.0
2013-08-21,0.0
2013-08-22,0.0
2013-08-23,0.0
2013-08-24,0.0
2013-08-25,0.0
2013-08-26,0.0
2013-08-27,0.0
2013-08-28,0.0
2013-08-29,0.0
2013-08-30,0.0
2013-08-31,0.0
2013-09-01,0.0
2013-09-02,0.0
2013-09-03,0.0
2013-09-04,0.0
2013-09-05,0.0
2013-09-06,0.0
2013-09-07,0.0
2013-09-08,0.0
2013-09-09,0.0
2013-09-10,0.0
2013-09-11,0.0
2013-09-12,0.0
2013-09-13,0.0
2013-09-14,0.0
2013-09-15,0.0
2013-09-16,0.0
2013-09-17,0.0
2013-09-18,0.0
2013-09-19,0.0
2013-09-20,0.0
2013-09-21,0.0
2013-09-22,0.0
2013-09-23,0.0
2013-09-24,0.0
2013-09-25,0.0
2013-09-26,0.0
2013-09-27,0.0
2013-09-28,0.0
2013-09-29,0.0
2013-09-30,0.0
2013-10-01,0.0
2013-10-02,0.0
2013-10-03,0.0
2013-10-04,0.0
2013-10-05,0.0
2013-10-06,0.0
2013-10-07,0.0
2013-10-08,0.0
2013-10-09,0.0
2013-10-10,0.0
2013-10-11,0.0
2013-10-12,0.0
2013-10-13,0.0
2013-10-14,0.0
2013-10-15,0.0
2013-10-16,0.0
2013-10-17,0.0
2013-10-18,0.0
2013-10-19,0.0
2013-10-20,0.0
2013-10-21,0.0
2013-10-22,0.0
2013-10-23,0.0
2013-10-24,0.0
2013-10-25,0.0
2013-10-26,0.0
2013-10-27,0.0
2013-10-28,0.0
2013-10-29,0.0
2013-10-30,0.0
2013-10-31,0.0
2013-11-01,0.0
2013-11-02,0.0
2013-11-03,0.0
2013-11-04,0.0
2013-11-05,0.0
2013-11-06,0.0
2013-11-07,0.0
2013-11-08,0.0
2013-11-09,0.0
2013-11-10,0.0
2013-11-11,0.0
2013-11-12,0.0
2013-11-13,0.0
2013-11-14,0.0
2013-11-15,0.0
2013-11-16,0.0
2013-11-17,0.0
2013-11-18,0.0
2013-11-19,0.0
2013-11-20,0.0
2013-11-21,0.0
2013-11-22,0.0
2013-11-23,0.0
2013-11-24,0.0
2013-11-25,0.0
2013-11-26,0.0
2013-11-27,0.0
2013-11-28,0.0
2013-11-29,0.0
2013-11-30,0.0
2013-12-01,0.0
2013-12-02,0.0
2013-12-03,0.0
2013-12-04,0.0
2013-12-05,0.0
2013-12-06,0.0
2013-12-07,0.0
2013-12-08,0.0
2013-12-09,0.0
2013-12-10,0.0
2013-12-11,0.0
2013-12-12,0.0
2013-12-13,0.0
2013-12-14,0.0
2013-12-15,0.0
2013-12-16,0.0
2013-12-17,0.0
2013-12-18,0.0
2013-12-19,0.0
2013-12-20,0.0
2013-12-21,0.0
2013-12-22,0.0
2013-12-23,0.0
2013-12-24,0.0
2013-12-25,0.0
2013-12-26,0.0
2013-12-27,0.0
2013-12-28,0.0
2013-12-29,0.0
2013-12-30,0.0
2013-12-31,0.0
2014-01-01,0.0
2014-01-02,0.0
2014-01-03,0.0
2014-01-04,0.0
2014-01-05,0.0
2014-01-06,0.0
2014-01-07,0.0
2014-01-08,0.0
2014-01-09,0.0
2014-01-10,0.0
2014-01-11,0.0
2014-01-12,0.0
2014-01-13,0.0
2014-01-14,0.0
2014-01-15,0.0
2014-01-16,0.0
2014-01-17,0.0
2014-01-18,0.0
2014-01-19,0.0
2014-01-20,0.0
2014-01-21,0.0
2014-01-22,0.0
2014-01-23,0.0
2014-01-24,0.0
2014-01-25,0.0
2014-01-26,0.0
2014-01-27,0.0
2014-01-28,0.0
2014-01-29,0.0
2014-01-30,0.0
2014-01-31,0.0
2014-02-01,0.0
2014-02-02,0.0
2014-02-03,0.0
2014-02-04,0.0
2014-02-05,0.0
2014-02-06,0.0
2014-02-07,0.0
2014-02-08,0.0
2014-02-09,0.0
2014-02-10,0.0
2014-02-11,0.0
2014-02-12,0.0
2014-02-13,0.0
2014-02-14,0.0
2014-02-15,0.0
2014-02-16,0.0
2014-02-17,0.0
2014-02-18,0.0
2014-02-19,0.0
2014-02-20,0.0
2014-02-21,0.0
2014-02-22,0.0
2014-02-23,0.0
2014-02-24,0.0
2014-02-25,0.0
2014-02-26,0.0
2014-02-27,0.0
2014-02-28,0.0
2014-03-01,0.0
2014-03-02,0.0
2014-03-03,0.0
2014-03-04,0.0
2014-03-05,0.0
2014-03-06,0.0
2014-03-07,0.0
2014-03-08,0.0
2014-03-09,0.0
2014-03-10,0.0
2014-03-11,0.0
2014-03-12,0.0
2014-03-13,0.0
2014-03-14,0.0
2014-03-15,0.0
2014-03-16,0.0
2014-03-17,0.0
2014-03-18,0.0
2014-03-19,0.0
2014-03-20,0.0
2014-03-21,0.0
2014-03-22,0.0
2014-03-23,0.0
2014-03-24,0.0
2014-03-25,0.0
2014-03-26,0.0
2014-03-27,0.0
2014-03-28,0.0
2014-03-29,0.0
2014-03-30,0.0
2014-03-31,0.0
2014-04-01,0.0
2014-04-02,0.0
2014-04-03,0.0
2014-04-04,0.0
2014-04-05,0.0
2014-04-06,0.0
2014-04-07,0.0
2014-04-08,0.0
2014-04-09,0.0
2014-04-10,0.0
2014-04-11,0.0
2014-04-12,0.0
2014-04-13,0.0
2014-04-14,0.0
2014-04-15,0.0
2014-04-16,0.0
2014-04-17,0.0
2014-04-18,0.0
2014-04-19,0.0
2014-04-20,0.0
2014-04-21,0.0
2014-04-22,0.0
2014-04-23,0.0
2014-04-24,0.0
2014-04-25,0.0
2014-04-26,0.0
2014-04-27,0.0
2014-04-28,0.0
2014-04-29,0.0
2014-04-30,0.0
2014-05-01,0.0
2014-05-02,0.0
2014-05-03,0.0
2014-05-04,0.0
2014-05-05,0.0
2014-05-06,0.0
2014-05-07,0.0
2014-05-08,0.0
2014-05-09,0.0
2014-05-10,0.0
2014-05-11,0.0
2014-05-12,0.0
2014-05-13,0.0
2014-05-14,0.0
2014-05-15,0.0
2014-05-16,0.0
2014-05-17,0.0
2014-05-18,0.0
2014-05-19,0.0
2014-05-20,0.0
2014-05-21,0.0
2014-05-22,0.0
2014-05-23,0.0
2014-05-24,0.0
2014-05-25,0.0
2014-05-26,0.0
2014-05-27,0.0
2014-05-28,0.0
2014-05-29,0.0
2014-05-30,0.0
2014-05-31,0.0
2014-06-01,0.0
2014-06-02,0.0
2014-06-03,0.0
2014-06-04,0.0
2014-06-05,0.0
2014-06-06,0.0
2014-06-07,0.0
2014-06-08,0.0
2014-06-09,0.0
2014-06-10,0.0
2014-06-11,0.0
2014-06-12,0.0
2014-06-13,0.0
2014-06-14,0.0
2014-06-15,0.0
2014-06-16,0.0
2014-06-17,0.0
2014-06-18,0.0
2014-06-19,0.0
2014-06-20,0.0
2014-06-21,0.0
2014-06-22,0.0
2014-06-23,0.0
2014-06-24,0.0
2014-06-25,0.0
2014-06-26,0.0
2014-06-27,0.0
2014-06-28,0.0
2014-06-29,0.0
2014-06-30,0.0
2014-07-01,0.0
2014-07-02,0.0
2014-07-03,0.0
2014-07-04,0.0
2014-07-05,0.0
2014-07-06,0.0
2014-07-07,0.0
2014-07-08,0.0
2014-07-09,0.0
2014-07-10,0.0
2014-07-11,0.0
2014-07-12,0.0
2014-07-13,0.0
2014-07-14,0.0
2014-07-15,0.0
2014-07-16,0.0
2014-07-17,0.0
2014-07-18,0.0
2014-07-19,0.0
2014-07-20,0.0
2014-07-21,0.0
2014-07-22,0.0
2014-07-23,0.0
2014-07-24,0.0
2014-07-25,0.0
2014-07-26,0.0
2014-07-27,0.0
2014-07-28,0.0
2014-07-29,0.0
2014-07-30,0.0
2014-07-31,0.0
2014-08-01,0.0
2014-08-02,0.0
2014-08-03,0.0
2014-08-04,0.0
2014-08-05,0.0
2014-08-06,0.0
2014-08-07,0.0
2014-08-08,0.0
2014-08-09,0.0
2014-08-10,0.0
2014-08-11,0.0
2014-08-12,0.0
2014-08-13,0.0
2014-08-14,0.0
2014-08-15,0.0
2014-08-16,0.0
2014-08-17,0.0
2014-08-18,0.0
2014-08-19,0.0
2014-08-20,0.0
2014-08-21,0.0
2014-08-22,0.0
2014-08-23,0.0
2014-08-24,0.0
2014-08-25,0.0
2014-08-26,0.0
2014-08-27,0.0
2014-08-28,0.0
2014-08-29,0.0
2014-08-30,0.0
2014-08-31,0.0
2014-09-01,0.0
2014-09-02,0.0
2014-09-03,0.0
2014-09-04,0.0
2014-09-05,0.0
2014-09-06,0.0
2014-09-07,0.0
2014-09-08,0.0
2014-09-09,0.0
2014-09-10,0.0
2014-09-11,0.0
2014-09-12,0.0
2014-09-13,0.0
2014-09-14,0.0
2014-09-15,0.0
2014-09-16,0.0
2014-09-17,0.0
2014-09-18,0.0
2014-09-19,0.0
2014-09-20,0.0
2014-09-21,0.0
2014-09-22,0.0
2014-09-23,0.0
2014-09-24,0.0
2014-09-25,0.0
2014-09-26,0.0
2014-09-27,0.0
2014-09-28,0.0
2014-09-29,0.0
2014-09-30,0.0
2014-10-01,0.0
2014-10-02,0.0
2014-10-03,0.0
2014-10-04,0.0
2014-10-05,0.0
2014-10-06,0.0
2014-10-07,0.0
2014-10-08,0.0
2014-10-09,0.0
2014-10-10,0.0
2014-10-11,0.0
2014-10-12,0.0
2014-10-13,0.0
2014-10-14,0.0
2014-10-15,0.0
2014-10-16,0.0
2014-10-17,0.0
2014-10-18,0.0
2014-10-19,0.0
2014-10-20,0.0
2014-10-21,0.0
2014-10-22,0.0
2014-10-23,0.0
2014-10-24,0.0
2014-10-25,0.0
2014-10-26,0.0
2014-10-27,0.0
2014-10-28,0.0
2014-10-29,0.0
2014-10-30,0.0
2014-10-31,0.0
2014-11-01,0.0
2014-11-02,0.0
2014-11-03,0.0
2014-11-04,0.0
2014-11-05,0.0
2014-11-06,0.0
2014-11-07,0.0
2014-11-08,0.0
2014-11-09,0.0
2014-11-10,0.0
2014-11-11,0.0
2014-11-12,0.0
2014-11-13,0.0
2014-11-14,0.0
2014-11-15,0.0
2014-11-16,0.0
2014-11-17,0.0
2014-11-18,0.0
2014-11-19,0.0
2014-11-20,0.0
2014-11-21,0.0
2014-11-22,0.0
2014-11-23,0.0
2014-11-24,0.0
2014-11-25,0.0
2014-11-26,0.0
2014-11-27,0.0
2014-11-28,0.0
2014-11-29,0.0
2014-11-30,0.0
2014-12-01,0.0
2014-12-02,0.0
2014-12-03,0.0
2014-12-04,0.0
2014-12-05,0.0
2014-12-06,0.0
2014-12-07,0.0
2014-12-08,0.0
2014-12-09,0.0
2014-12-10,0.0
2014-12-11,0.0
2014-12-12,0.0
2014-12-13,0.0
2014-12-14,0.0
2014-12-15,0.0
2014-12-16,0.0
2014-12-17,0.0
2014-12-18,0.0
2014-12-19,0.0
2014-12-20,0.0
2014-12-21,0.0
2014-12-22,0.0
2014-12-23,0.0
2014-12-24,0.0
2014-12-25,0.0
2014-12-26,0.0
2014-12-27,0.0
2014-12-28,0.0
2014-12-29,0.0
2014-12-30,0.0
2014-12-31,0.0
2015-01-01,0.0
2015-01-02,0.0
2015-01-03,0.0
2015-01-04,0.0
2015-01-05,0.0
2015-01-06,0.0
2015-01-07,0.0
2015-01-08,0.0
2015-01-09,0.0
2015-01-10,0.0
2015-01-11,0.0
2015-01-12,0.0
2015-01-13,0.0
2015-01-14,0.0
2015-01-15,0.0
2015-01-16,0.0
2015-01-17,0.0
2015-01-18,0.0
2015-01-19,0.0
2015-01-20,0.0
2015-01-21,0.0
2015-01-22,0.0
2015-01-23,0.0
2015-01-24,0.0
2015-01-25,0.0
2015-01-26,0.0
2015-01-27,0.0
2015-01-28,0.0
2015-01-29,0.0
2015-01-30,0.0
2015-01-31,0.0
2015-02-01,0.0
2015-02-02,0.0
2015-02-03,0.0
2015-02-04,0.0
2015-02-05,0.0
2015-02-06,0.0
2015-02-07,0.0
2015-02-08,0.0
2015-02-09,0.0
2015-02-10,0.0
2015-02-11,0.0
2015-02-12,0.0
2015-02-13,0.0
2015-02-14,0.0
2015-02-15,0.0
2015-02-16,0.0
2015-02-17,0.0
2015-02-18,0.0
2015-02-19,0.0
2015-02-20,0.0
2015-02-21,0.0
2015-02-22,0.0
2015-02-23,0.0
2015-02-24,0.0
2015-02-25,0.0
2015-02-26,0.0
2015-02-27,0.0
2015-02-28,0.0
2015-03-01,0.0
2015-03-02,0.0
2015-03-03,0.0
2015-03-04,0.0
2015-03-05,0.0
2015-03-06,0.0
2015-03-07,0.0
2015-03-08,0.0
2015-03-09,0.0
2015-03-10,0.0
2015-03-11,0.0
2015-03-12,0.0
2015-03-13,0.0
2015-03-14,0.0
2015-03-15,0.0
2015-03-16,0.0
2015-03-17,0.0
2015-03-18,0.0
2015-03-19,0.0
2015-03-20,0.0
2015-03-21,0.0
2015-03-22,0.0
2015-03-23,0.0
2015-03-24,0.0
2015-03-25,0.0
2015-03-26,0.0
2015-03-27,0.0
2015-03-28,0.0
2015-03-29,0.0
2015-03-30,0.0
2015-03-31,0.0
2015-04-01,0.0
2015-04-02,0.0
2015-04-03,0.0
2015-04-04,0.0
2015-04-05,0.0
2015-04-06,0.0
2015-04-07,0.0
2015-04-08,0.0
2015-04-09,0.0
2015-04-10,0.0
2015-04-11,0.0
2015-04-12,0.0
2015-04-13,0.0
2015-04-14,0.0
2015-04-15,0.0
2015-04-16,0.0
2015-04-17,0.0
2015-04-18,0.0
2015-04-19,0.0
2015-04-20,0.0
2015-04-21,0.0
2015-04-22,0.0
2015-04-23,0.0
2015-04-24,0.0
2015-04-25,0.0
2015-04-26,0.0
2015-04-27,0.0
2015-04-28,0.0
2015-04-29,0.0
2015-04-30,0.0
2015-05-01,0.0
2015-05-02,0.0
2015-05-03,0.0
2015-05-04,0.0
2015-05-05,0.0
2015-05-06,0.0
2015-05-07,0.0
2015-05-08,0.0
2015-05-09,0.0
2015-05-10,0.0
2015-05-11,0.0
2015-05-12,0.0
2015-05-13,0.0
2015-05-14,0.0
2015-05-15,0.0
2015-05-16,0.0
2015-05-17,0.0
2015-05-18,0.0
2015-05-19,0.0
2015-05-20,0.0
2015-05-21,0.0
2015-05-22,0.0
2015-05-23,0.0
2015-05-24,0.0
2015-05-25,0.0
2015-05-26,0.0
2015-05-27,0.0
2015-05-28,0.0
2015-05-29,0.0
2015-05-30,0.0
2015-05-31,0.0
2015-06-01,0.0
2015-06-02,0.0
2015-06-03,0.0
2015-06-04,0.0
2015-06-05,0.0
2015-06-06,0.0
2015-06-07,0.0
2015-06-08,0.0
2015-06-09,0.0
2015-06-10,0.0
2015-06-11,0.0
2015-06-12,0.0
2015-06-13,0.0
2015-06-14,0.0
2015-06-15,0.0
2015-06-16,0.0
2015-06-17,0.0
2015-06-18,0.0
2015-06-19,0.0
2015-06-20,0.0
2015-06-21,0.0
2015-06-22,0.0
2015-06-23,0.0
2015-06-24,0.0
2015-06-25,0.0
2015-06-26,0.0
2015-06-27,0.0
2015-06-28,0.0
2015-06-29,0.0
2015-06-30,0.0
2015-07-01,0.0
2015-07-02,0.0
2015-07-03,0.0
2015-07-04,0.0
2015-07-05,0.0
2015-07-06,0.0
2015-07-07,0.0
2015-07-08,0.0
2015-07-09,0.0
2015-07-10,0.0
2015-07-11,0.0
2015-07-12,0.0
2015-07-13,0.0
2015-07-14,0.0
2015-07-15,0.0
2015-07-16,0.0
2015-07-17,0.0
2015-07-18,0.0
2015-07-19,0.0
2015-07-20,28.032708333333332
2015-07-21,278.7260763888891
2015-07-22,276.969861111111
2015-07-23,277.6284375
2015-07-24,283.4153124999996
2015-07-25,287.1197569444445
2015-07-26,288.39392361111135
2015-07-27,291.5810416666666
2015-07-28,295.89392361111106
2015-07-29,292.03204861111095
2015-07-30,288.5951388888887
2015-07-31,285.7420833333334
2015-08-01,279.28892361111065
2015-08-02,280.48854166666655
2015-08-03,283.12805555555536
2015-08-04,284.5015277777777
2015-08-05,283.68638888888904
2015-08-06,280.32753472222225
2015-08-07,279.4706597222223
2015-08-08,272.94479166666684
2015-08-09,265.07656249999997
2015-08-10,264.9210763888889
2015-08-11,266.77857638888884
2015-08-12,268.19107638888903
2015-08-13,265.1189583333336
2015-08-14,265.76378472222234
2015-08-15,266.37638888888875
2015-08-16,260.0990972222222
2015-08-17,258.56673611111114
2015-08-18,254.04843750000003
2015-08-19,232.6839930555558
2015-08-20,233.68843750000016
2015-08-21,234.4753125
2015-08-22,229.7989930555556
2015-08-23,230.35197916666695
2015-08-24,220.86111111111103
2015-08-25,215.98097222222236
2015-08-26,226.291736111111
2015-08-27,226.55194444444436
2015-08-28,228.53305555555556
2015-08-29,230.8022569444446
2015-08-30,229.39423611111113
2015-08-31,228.715486111111
2015-09-01,228.83506944444449
2015-09-02,225.43854166666682
2015-09-03,228.19590277777783
2015-09-04,229.89211805555553
2015-09-05,233.0533680555557
2015-09-06,239.96128472222213
2015-09-07,241.01277777777761
2015-09-08,243.81531249999995
2015-09-09,241.21677083333347
2015-09-10,239.05517361111106
2015-09-11,240.56163194444449
2015-09-12,239.10736111111106
2015-09-13,233.7055902777778
2015-09-14,231.06968749999993
2015-09-15,231.25246527777765
2015-09-16,229.4012152777778
2015-09-17,231.36125000000013
2015-09-18,193.0148611111112
2015-09-19,232.94597222222242
2015-09-20,232.5937152777779
2015-09-21,228.16013888888887
2015-09-22,229.73128472222237
2015-09-23,231.10961805555553
2015-09-24,232.7619791666666
2015-09-25,235.9978819444444
2015-09-26,235.03656249999995
2015-09-27,234.04225694444435
2015-09-28,238.15225694444436
2015-09-29,238.7363541666664
2015-09-30,237.537326388889
2015-10-01,238.08315972222212
2015-10-02,238.48750000000004
2015-10-03,239.30739583333317
2015-10-04,238.91291666666686
2015-10-05,237.76541666666657
2015-10-06,240.41458333333335
2015-10-07,242.32916666666674
2015-10-08,242.68885416666657
2015-10-09,243.99447916666662
2015-10-10,245.1233680555555
2015-10-11,246.82281250000017
2015-10-12,247.59204861111095
2015-10-13,248.57246527777792
2015-10-14,252.17961805555538
2015-10-15,255.03937499999995
2015-10-16,260.30343749999986
2015-10-17,269.5977777777778
2015-10-18,268.55822916666693
2015-10-19,235.8018749999999
2015-10-20,178.93284722222225
2015-10-21,268.2514236111114
2015-10-22,273.142673611111
2015-10-23,277.9427083333335
2015-10-24,281.04284722222235
2015-10-25,290.2471874999999
2015-10-26,285.0648263888888
2015-10-27,292.7856944444444
2015-10-28,302.00552083333326
2015-10-29,310.46246527777777
2015-10-30,326.7385069444442
2015-10-31,320.56618055555555
2015-11-01,319.4495833333331
2015-11-02,339.0416319444446
2015-11-03,386.69524305555575
2015-11-04,450.15788194444457
2015-11-05,400.2528472222224
2015-11-06,372.6765277777777
2015-11-07,383.9274652777778
2015-11-08,383.1209027777777
2015-11-09,375.38607638888897
2015-11-10,365.3980555555556
2015-11-11,316.0377777777774
2015-11-12,328.6052430555558
2015-11-13,334.6275347222222
2015-11-14,334.6397222222225
2015-11-15,330.6312847222223
2015-11-16,323.8859027777777
2015-11-17,335.76909722222223
2015-11-18,334.35854166666667
2015-11-19,331.4379166666668
2015-11-20,320.4037847222223
2015-11-21,324.77531249999964
2015-11-22,323.3530902777779
2015-11-23,323.60048611111085
2015-11-24,321.5778472222225
2015-11-25,322.8997569444444
2015-11-26,343.0435069444443
2015-11-27,356.24802083333344
2015-11-28,341.6934722222223
2015-11-29,359.3455208333332
2015-11-30,376.3995138888892
2015-12-01,367.52868055555535
2015-12-02,355.9420833333334
2015-12-03,362.75559027777774
2015-12-04,361.09850694444435
2015-12-05,375.1307291666665
2015-12-06,392.04524305555543
2015-12-07,392.18375
2015-12-08,395.0980902777777
2015-12-09,415.5575000000002
2015-12-10,415.3913541666668
2015-12-11,433.10097222222197
2015-12-12,433.04607638888893
2015-12-13,436.2764583333335
2015-12-14,439.78416666666664
2015-12-15,457.1494791666664
2015-12-16,455.46694444444427
2015-12-17,442.5465972222222
2015-12-18,414.7121527777777
2015-12-19,462.51739583333347
2015-12-20,452.4427083333332
2015-12-21,431.90760416666683
2015-12-22,437.2056249999998
2015-12-23,438.9480902777777
2015-12-24,455.1090625000001
2015-12-25,455.5392708333332
2015-12-26,433.84114583333354
2015-12-27,418.1321180555554
2015-12-28,425.3173611111114
2015-12-29,423.8994097222223
2015-12-30,430.1509027777776
2015-12-31,427.25815972222244
2016-01-01,431.75906250000014
2016-01-02,435.05368055555584
2016-01-03,431.4107638888889
2016-01-04,433.6163541666667
2016-01-05,433.34701388888874
2016-01-06,431.9311458333333
2016-01-07,450.0115972222227
2016-01-08,456.3639236111111
2016-01-09,452.01357638888874
2016-01-10,446.7709722222219
2016-01-11,448.97427083333355
2016-01-12,443.9859374999999
2016-01-13,429.78336805555557
2016-01-14,428.9256944444441
2016-01-15,376.08315972222226
2016-01-16,371.1384027777777
2016-01-17,384.0849999999998
2016-01-18,380.50625000000014
2016-01-19,378.5201388888887
2016-01-20,388.26347222222273
2016-01-21,411.96309027777806
2016-01-22,392.6890277777777
2016-01-23,377.9104166666668
2016-01-24,296.0739930555557
2016-01-25,382.37770833333343
2016-01-26,393.20812499999977
2016-01-27,394.3478472222224
2016-01-28,384.2808333333336
2016-01-29,376.9118055555552
2016-01-30,379.16927083333337
2016-01-31,375.6421527777778
2016-02-01,373.1629166666666
2016-02-02,372.86618055555545
2016-02-03,369.8102083333331
2016-02-04,377.21118055555576
2016-02-05,384.6022916666668
2016-02-06,374.4751388888892
2016-02-07,375.24993055555575
2016-02-08,376.14159722222234
2016-02-09,371.99093750000003
2016-02-10,376.1539930555553
2016-02-11,375.45618055555565
2016-02-12,378.71267361111137
2016-02-13,387.0703472222221
2016-02-14,397.78722222222217
2016-02-15,400.9454166666669
2016-02-16,403.1108333333334
2016-02-17,414.23499999999996
2016-02-18,418.2781250000001
2016-02-19,418.08069444444453
2016-02-20,429.6917708333335
2016-02-21,436.59215277777764
2016-02-22,433.1790625000001
2016-02-23,426.89798611111127
2016-02-24,416.75399305555555
2016-02-25,422.97152777777785
2016-02-26,423.3641666666666
2016-02-27,430.5979513888888
2016-02-28,426.6979513888889
2016-02-29,436.1616319444448
2016-03-01,433.509097222222
2016-03-02,430.8946527777778
2016-03-03,416.8521875000001
2016-03-04,417.4803124999996
2016-03-05,398.3829513888889
2016-03-06,401.8701736111112
2016-03-07,403.1514236111109
2016-03-08,410.6071527777779
2016-03-09,409.96590277777733
2016-03-10,413.5256250000001
2016-03-11,418.7394097222221
2016-03-12,412.2624999999998
2016-03-13,413.0941319444444
2016-03-14,413.70059027777796
2016-03-15,415.251111111111
2016-03-16,412.16097222222226
2016-03-17,416.7204861111113
2016-03-18,412.9080902777779
2016-03-19,404.2591319444445
2016-03-20,410.0859722222221
2016-03-21,406.7758680555555
2016-03-22,415.72506944444444
2016-03-23,417.09628472222204
2016-03-24,401.3351736111113
2016-03-25,410.5234375000002
2016-03-26,416.53972222222217
2016-03-27,418.4228472222226
2016-03-28,418.3556944444442
2016-03-29,418.41125000000034
2016-03-30,410.341215277778
2016-03-31,415.2380902777782
2016-04-01,416.27194444444433
2016-04-02,416.57
2016-04-03,415.3388541666666
2016-04-04,415.0762152777778
2016-04-05,421.58177083333334
2016-04-06,420.5774999999999
2016-04-07,418.56465277777784
2016-04-08,420.8168402777778
2016-04-09,412.63777777777767
2016-04-10,417.55336805555567
2016-04-11,421.13562500000023
2016-04-12,425.2619444444445
2016-04-13,426.6219444444447
2016-04-14,411.0554166666666
2016-04-15,413.8593749999996
2016-04-16,430.932013888889
2016-04-17,429.6918749999996
2016-04-18,427.62652777777765
2016-04-19,429.70809027777767
2016-04-20,439.01208333333335
2016-04-21,445.5994791666665
2016-04-22,448.3138541666666
2016-04-23,448.4840972222218
2016-04-24,459.166597222222
2016-04-25,462.4953819444445
2016-04-26,468.40364583333326
2016-04-27,462.19829861111145
2016-04-28,446.4357638888889
2016-04-29,449.71048611111104
2016-04-30,451.2279861111108
2016-05-01,455.31093749999997
2016-05-02,444.52038194444464
2016-05-03,448.744375
2016-05-04,448.0087500000002
2016-05-05,446.2951041666664
2016-05-06,454.2106944444444
2016-05-07,459.8650694444443
2016-05-08,461.1271875000001
2016-05-09,461.9255902777777
2016-05-10,440.237638888889
2016-05-11,449.35375
2016-05-12,452.72236111111135
2016-05-13,456.17736111111117
2016-05-14,457.8537500000001
2016-05-15,460.3520138888887
2016-05-16,458.61170138888895
2016-05-17,455.6271875
2016-05-18,456.2493055555552
2016-05-19,450.67732638888907
2016-05-20,443.0469791666668
2016-05-21,445.59614583333337
2016-05-22,444.6421875000002
2016-05-23,443.72197916666687
2016-05-24,444.8677777777782
2016-05-25,449.9112499999997
2016-05-26,452.1643055555555
2016-05-27,470.53052083333324
2016-05-28,496.06496527777836
2016-05-29,521.8193750000004
2016-05-30,531.4513194444442
2016-05-31,533.7236458333336
2016-06-01,533.6176388888889
2016-06-02,536.2284027777774
2016-06-03,555.1171875
2016-06-04,576.8376041666666
2016-06-05,577.9940972222225
2016-06-06,583.1251388888891
2016-06-07,579.0283333333327
2016-06-08,579.1589930555559
2016-06-09,579.2994097222222
2016-06-10,578.3534375000004
2016-06-11,586.4935763888885
2016-06-12,643.1456944444442
2016-06-13,692.1183333333336
2016-06-14,687.4393402777778
2016-06-15,685.5928472222218
2016-06-16,743.2621875
2016-06-17,753.2145833333329
2016-06-18,756.2205208333331
2016-06-19,759.163229166666
2016-06-20,751.4289236111114
2016-06-21,681.1816666666671
2016-06-22,652.1067361111116
2016-06-23,597.5796180555557
2016-06-24,667.0058333333332
2016-06-25,680.7998611111113
2016-06-26,652.5668055555557
2016-06-27,647.8211111111109
2016-06-28,651.8915972222219
2016-06-29,638.273402777778
2016-06-30,654.3080208333336
2016-07-01,678.6340972222217
2016-07-02,689.2465624999998
2016-07-03,678.0798263888889
2016-07-04,674.3386111111113
2016-07-05,673.9316319444442
2016-07-06,674.4123263888898
2016-07-07,645.497291666667
2016-07-08,647.5287152777778
2016-07-09,651.6257986111117
2016-07-10,630.4181944444443
2016-07-11,616.4787500000003
2016-07-12,658.9935069444449
2016-07-13,664.4098958333332
2016-07-14,659.3359027777778
2016-07-15,665.5827430555557
2016-07-16,666.9994097222225
2016-07-17,672.5096180555547
2016-07-18,678.8331944444448
2016-07-19,673.4031597222227
2016-07-20,670.9184375000002
2016-07-21,665.4658680555557
2016-07-22,662.7967013888892
2016-07-23,658.6842361111115
2016-07-24,647.9340277777778
2016-07-25,646.5605555555553
2016-07-26,654.7157638888887
2016-07-27,654.4533333333331
2016-07-28,654.9242361111116
2016-07-29,657.219548611111
2016-07-30,657.2066666666673
2016-07-31,638.7348263888882
2016-08-01,614.0727777777779
2016-08-02,592.2918750000001
2016-08-03,553.3839583333338
2016-08-04,581.6575694444446
2016-08-05,575.2282986111106
2016-08-06,582.1273958333334
2016-08-07,594.3339236111108
2016-08-08,593.1886805555558
2016-08-09,589.5940972222223
2016-08-10,590.1485069444444
2016-08-11,593.5934722222223
2016-08-12,587.5886111111114
2016-08-13,587.920451388889
2016-08-14,578.1858680555551
2016-08-15,570.052708333333
2016-08-16,572.9399652777784
2016-08-17,576.537986111111
2016-08-18,575.1429166666665
2016-08-19,574.8547916666672
2016-08-20,562.4063194444443
2016-08-21,581.9858680555557
2016-08-22,582.5708333333331
2016-08-23,583.2183333333331
2016-08-24,579.7588194444445
2016-08-25,575.3462500000003
2016-08-26,573.7302083333341
2016-08-27,574.1529166666669
2016-08-28,572.3832986111111
2016-08-29,574.1466666666662
2016-08-30,575.0357638888897
2016-08-31,572.5138194444442
2016-09-01,571.598263888889
2016-09-02,573.3873958333334
2016-09-03,580.5245486111113
2016-09-04,606.5297916666668
2016-09-05,607.5678819444443
2016-09-06,608.9020486111108
2016-09-07,613.2380555555559
2016-09-08,621.0012152777773
2016-09-09,622.9256944444445
2016-09-10,623.4424305555559
2016-09-11,620.9727083333339
2016-09-12,607.2042361111107
2016-09-13,608.0197569444445
2016-09-14,599.016076388889
2016-09-15,608.0674652777775
2016-09-16,606.8582638888889
2016-09-17,607.5840625000002
2016-09-18,609.077013888889
2016-09-19,542.0620833333338
2016-09-20,608.8220138888887
2016-09-21,597.8563888888889
2016-09-22,596.8901388888887
2016-09-23,599.2740625000001
2016-09-24,603.8874999999994
2016-09-25,602.3220486111106
2016-09-26,596.7707986111111
2016-09-27,605.1354861111108
2016-09-28,604.740659722223
2016-09-29,605.5075347222229
2016-09-30,606.2567013888888
2016-10-01,614.0114930555554
2016-10-02,612.8250347222224
2016-10-03,613.3743750000002
2016-10-04,610.6586458333333
2016-10-05,611.6805208333333
2016-10-06,612.6081597222218
2016-10-07,615.0813194444446
2016-10-08,618.9547222222224
2016-10-09,618.2591666666668
2016-10-10,617.6658333333332
2016-10-11,632.0476388888887
2016-10-12,639.3793750000006
2016-10-13,636.6181597222222
2016-10-14,612.6098263888894
2016-10-15,534.818159722222
2016-10-16,606.1639236111116
2016-10-17,639.7776041666667
2016-10-18,637.6082291666667
2016-10-19,626.1369791666665
2016-10-20,628.5684722222223
2016-10-21,629.7588194444443
2016-10-22,639.8472916666665
2016-10-23,649.808819444444
2016-10-24,649.2368402777778
2016-10-25,653.7721527777774
2016-10-26,663.9095138888891
2016-10-27,683.5054861111108
2016-10-28,687.6417013888889
2016-10-29,708.6630902777777
2016-10-30,707.445069444444
2016-10-31,700.0102777777779
2016-11-01,721.5845138888885
2016-11-02,726.3102430555558
2016-11-03,725.1865972222218
2016-11-04,701.0050694444449
2016-11-05,705.4690972222219
2016-11-06,713.5235069444441
2016-11-07,707.9280208333339
2016-11-08,709.1080902777778
2016-11-09,727.9701388888894
2016-11-10,712.7769791666673
2016-11-11,715.0759374999998
2016-11-12,710.199131944444
2016-11-13,697.157465277777
2016-11-14,703.331875
2016-11-15,711.0018055555552
2016-11-16,722.9885416666666
2016-11-17,724.7516666666675
2016-11-18,740.2075000000002
2016-11-19,748.6373611111109
2016-11-20,741.4927430555558
2016-11-21,734.7762847222216
2016-11-22,739.6121180555551
2016-11-23,741.9543055555552
2016-11-24,733.2480902777775
2016-11-25,734.4396180555556
2016-11-26,735.0387499999996
2016-11-27,733.4111458333332
2016-11-28,731.6044097222222
2016-11-29,731.8277777777772
2016-11-30,737.9897222222229
2016-12-01,746.0660763888884
2016-12-02,768.2623958333336
2016-12-03,765.8672569444443
2016-12-04,766.1817013888879
2016-12-05,755.9270486111109
2016-12-06,747.0597569444444
2016-12-07,761.7859722222221
2016-12-08,768.1796527777775
2016-12-09,770.2470833333333
2016-12-10,774.6370833333334
2016-12-11,769.551388888889
2016-12-12,776.6232638888891
2016-12-13,780.8025694444439
2016-12-14,778.9061111111105
2016-12-15,778.5526736111105
2016-12-16,780.1110763888896
2016-12-17,789.1492013888895
2016-12-18,790.3285069444447
2016-12-19,792.7703819444446
2016-12-20,791.5126736111104
2016-12-21,814.7041666666664
2016-12-22,856.104409722222
2016-12-23,898.1515625000006
2016-12-24,900.8619444444446
2016-12-25,872.9736805555557
2016-12-26,899.6387152777775
2016-12-27,916.9632638888883
2016-12-28,952.2867361111112
2016-12-29,973.3801736111103
2016-12-30,955.9712152777777
2016-12-31,960.8686805555553
2017-01-01,979.6002430555551
2017-01-02,1013.1647569444441
2017-01-03,1019.4913194444447
2017-01-04,1083.1367708333337
2017-01-05,1055.8910763888891
2017-01-06,936.4031597222224
2017-01-07,877.7998611111123
2017-01-08,924.6120486111104
2017-01-09,899.4694097222227
2017-01-10,900.6371527777775
2017-01-11,852.2172222222217
2017-01-12,788.0291319444443
2017-01-13,806.9178472222225
2017-01-14,831.962465277778
2017-01-15,800.5019791666664
2017-01-16,791.2982291666667
2017-01-17,870.9006944444444
2017-01-18,876.5888541666662
2017-01-19,887.9638541666666
2017-01-20,895.3642708333332
2017-01-21,919.3861805555557
2017-01-22,928.5498263888888
2017-01-23,913.7928125000007
2017-01-24,908.5058680555554
2017-01-25,897.3524652777767
2017-01-26,909.2735763888887
2017-01-27,920.0563541666672
2017-01-28,924.1290277777783
2017-01-29,922.759826388889
2017-01-30,920.4900694444447
2017-01-31,944.2258680555551
2017-02-01,975.5997569444442
2017-02-02,994.7872916666664
2017-02-03,1014.2060069444447
2017-02-04,1019.4805555555556
2017-02-05,1022.7029861111114
2017-02-06,1022.3172222222224
2017-02-07,1043.7815972222218
2017-02-08,1054.1613541666673
2017-02-09,1026.8391319444438
2017-02-10,983.6421874999992
2017-02-11,1013.8361458333334
2017-02-12,984.2518749999999
2017-02-13,994.5503472222221
2017-02-14,1008.5058680555555
2017-02-15,1012.4132291666655
2017-02-16,1028.5009027777771
2017-02-17,1049.969999999999
2017-02-18,1066.4775347222221
2017-02-19,1059.4572916666652
2017-02-20,1055.4798958333336
2017-02-21,1100.6802777777766
2017-02-22,1124.8153125
2017-02-23,1149.490520833333
2017-02-24,1187.5596874999999
2017-02-25,1172.400208333334
2017-02-26,1165.4252083333326
2017-02-27,1181.3184374999998
2017-02-28,979.8112847222224
2017-03-01,1139.979305555555
2017-03-02,1179.315069444444
2017-03-03,1279.0591666666667
2017-03-04,1276.9699305555548
2017-03-05,1267.3441319444435
2017-03-06,1281.6593055555556
2017-03-07,1254.4088194444448
2017-03-08,1196.792152777777
2017-03-09,1180.0281249999998
2017-03-10,1207.979340277778
2017-03-11,1180.766527777778
2017-03-12,1206.656493055555
2017-03-13,1237.955243055555
2017-03-14,1247.2724999999994
2017-03-15,1244.6821874999998
2017-03-16,1223.1791319444446
2017-03-17,1118.7215625
2017-03-18,1032.3406249999998
2017-03-19,1013.1442708333337
2017-03-20,1035.5511111111107
2017-03-21,1085.8077777777783
2017-03-22,1051.4843055555557
2017-03-23,1035.835590277778
2017-03-24,991.9989930555556
2017-03-25,929.8847569444438
2017-03-26,974.2258333333331
2017-03-27,1002.1341666666659
2017-03-28,1044.5962152777774
2017-03-29,1031.8205208333325
2017-03-30,1039.5431597222218
2017-03-31,1063.503923611111
2017-04-01,1090.5049305555558
2017-04-02,1092.8306249999996
2017-04-03,1142.6672916666664
2017-04-04,1148.0721180555552
2017-04-05,1131.8780555555545
2017-04-06,1168.1956944444444
2017-04-07,1192.2182291666675
2017-04-08,1188.5687152777773
2017-04-09,1193.9922569444445
2017-04-10,1211.940069444445
2017-04-11,1215.3009027777764
2017-04-12,1219.2426041666658
2017-04-13,1189.1351388888893
2017-04-14,1182.5499652777762
2017-04-15,992.2264583333337
2017-04-16,1182.5811805555554
2017-04-17,1180.2758333333331
2017-04-18,1198.8053819444444
2017-04-19,1201.412395833333
2017-04-20,1225.4015625000002
2017-04-21,1247.6585416666662
2017-04-22,1245.4854166666667
2017-04-23,1247.3036805555555
2017-04-24,1252.7591319444446
2017-04-25,1273.6570833333326
2017-04-26,1295.3310416666661
2017-04-27,1324.3787847222216
2017-04-28,1340.3759027777771
2017-04-29,1356.1464236111105
2017-04-30,1354.135208333332
2017-05-01,1425.5445486111112
2017-05-02,1461.092881944444
2017-05-03,1482.4444791666665
2017-05-04,1572.6808333333324
2017-05-05,1591.0001736111099
2017-05-06,1583.5262847222207
2017-05-07,1591.1273263888897
2017-05-08,1641.0531944444435
2017-05-09,1729.7170138888885
2017-05-10,1757.9931944444447
2017-05-11,1838.066458333332
2017-05-12,1773.901215277777
2017-05-13,1716.0291666666662
2017-05-14,1799.779583333332
2017-05-15,1753.9945833333322
2017-05-16,1744.99378472222
2017-05-17,1816.2049652777778
2017-05-18,1836.914618055555
2017-05-19,1937.9808333333317
2017-05-20,2001.9534722222206
2017-05-21,2054.2981597222224
2017-05-22,2168.0126388888875
2017-05-23,2216.8384027777747
2017-05-24,2369.2115624999988
2017-05-25,2602.632812499999
2017-05-26,2444.1737152777764
2017-05-27,2125.660694444444
2017-05-28,2229.059722222222
2017-05-29,2254.5554166666666
2017-05-30,2265.7740277777793
2017-05-31,2250.6687152777777
2017-06-01,2404.9290972222207
2017-06-02,2425.4354861111083
2017-06-03,2523.813298611111
2017-06-04,2519.0046180555555
2017-06-05,2601.3985763888895
2017-06-06,2835.5222916666676
2017-06-07,2815.9302777777743
2017-06-08,2750.3106249999983
2017-06-09,2823.0711805555557
2017-06-10,2856.59673611111
2017-06-11,2931.4669097222195
2017-06-12,2826.2374652777776
2017-06-13,2714.973576388887
2017-06-14,2669.6506597222206
2017-06-15,2352.8805555555555
2017-06-16,2441.5171874999996
2017-06-17,2553.4856597222224
2017-06-18,2566.6016319444443
2017-06-19,2553.7520833333333
2017-06-20,2653.2187152777774
2017-06-21,2681.6677083333325
2017-06-22,2665.1977430555544
2017-06-23,2705.680625000002
2017-06-24,2659.6194097222224
2017-06-25,2555.6884027777787
2017-06-26,2351.104930555556
2017-06-27,2395.9862847222216
2017-06-28,2533.1390277777764
2017-06-29,2557.8079166666666
2017-06-30,2513.12625
2017-07-01,2459.058680555553
2017-07-02,2454.3883680555546
2017-07-03,2520.7568750000005
2017-07-04,2597.4099652777754
2017-07-05,2582.105138888888
2017-07-06,2600.2173263888862
2017-07-07,2543.069374999999
2017-07-08,2519.834791666667
2017-07-09,2551.2036458333346
2017-07-10,2448.05107638889
2017-07-11,2347.062013888887
2017-07-12,2338.6665625000005
2017-07-13,2364.9449305555554
2017-07-14,2275.695729166666
2017-07-15,2081.5617013888896
2017-07-16,1927.9780902777773
2017-07-17,2053.0271180555546
2017-07-18,2214.8479513888897
2017-07-19,2309.0045486111103
2017-07-20,2489.351805555555
2017-07-21,2717.3402083333326
2017-07-22,2777.4898611111103
2017-07-23,2778.3546180555554
2017-07-24,2759.5280208333334
2017-07-25,2625.2757638888884
2017-07-26,2498.2404513888887
2017-07-27,2569.090347222221
2017-07-28,2708.4885416666652
2017-07-29,2720.561076388889
2017-07-30,2688.6449305555548
2017-07-31,2771.371979166666
2017-08-01,2793.259305555554
2017-08-02,2714.3776736111104
2017-08-03,2741.4554166666658
2017-08-04,2824.8204861111117
2017-08-05,3142.7759375000023
2017-08-06,3215.749999999998
2017-08-07,3306.1186111111106
2017-08-08,3422.105347222221
2017-08-09,3345.0775
2017-08-10,3394.5670138888863
2017-08-11,3517.0506249999985
2017-08-12,3791.2416666666654
2017-08-13,4042.263576388887
2017-08-14,4177.928194444443
2017-08-15,4177.620520833338
2017-08-16,4172.3850347222215
2017-08-17,4348.382569444443
2017-08-18,4231.250381944445
2017-08-19,4099.502083333331
2017-08-20,4106.753680555554
2017-08-21,4029.6257291666675
2017-08-22,3934.822743055554
2017-08-23,4151.176354166668
2017-08-24,4197.998263888886
2017-08-25,4359.972951388885
2017-08-26,4319.284027777777
2017-08-27,4344.5136458333345
2017-08-28,4311.623576388889
2017-08-29,4468.288645833333
2017-08-30,4582.629791666669
2017-08-31,4678.854444444445
2017-09-01,4727.6063888888875
2017-09-02,4716.301354166664
2017-09-03,4642.976875000002
2017-09-04,4484.686215277772
2017-09-05,4395.000937500001
2017-09-06,4585.672743055559
2017-09-07,4590.403159722218
2017-09-08,4500.713333333332
2017-09-09,4321.482430555557
2017-09-10,4249.025833333331
2017-09-11,4221.726111111111
2017-09-12,4255.983437500003
2017-09-13,3932.5075694444417
2017-09-14,3627.4481249999985
2017-09-15,3428.6982638888885
2017-09-16,3778.0931944444455
2017-09-17,3669.796527777779
2017-09-18,3954.8055902777787
2017-09-19,3967.8137847222233
2017-09-20,3941.3871180555557
2017-09-21,3793.0519097222227
2017-09-22,3629.8144444444456
2017-09-23,3726.361458333335
2017-09-24,3698.6625694444456
2017-09-25,3301.0953124999996
2017-09-26,3918.2036458333364
2017-09-27,4038.1881944444426
2017-09-28,4193.371944444443
2017-09-29,4142.920555555555
2017-09-30,4269.963645833333
2017-10-01,4312.428055555556
2017-10-02,4411.26385416667
2017-10-03,4317.420902777787
2017-10-04,4253.167569444447
2017-10-05,4258.113854166666
2017-10-06,4361.294236111109
2017-10-07,4354.752430555556
2017-10-08,4502.074479166665
2017-10-09,4651.256388888891
2017-10-10,4816.821319444446
2017-10-11,4793.829756944439
2017-10-12,5113.030868055559
2017-10-13,5616.408958333334
2017-10-14,5670.564374999997
2017-10-15,5632.533090277776
2017-10-16,5681.124618055549
2017-10-17,5632.58628472222
2017-10-18,5411.055208333333
2017-10-19,5657.152118055554
2017-10-20,5794.391874999999
2017-10-21,6081.3247222222235
2017-10-22,5930.167222222221
2017-10-23,5889.343958333329
2017-10-24,5672.998125000002
2017-10-25,5519.250486111111
2017-10-26,5832.40895833333
2017-10-27,5832.5075000000015
2017-10-28,5777.911423611114
2017-10-29,5630.225590277777
2017-10-30,6122.972916666668
2017-10-31,6248.388020833333
2017-11-01,6518.150138888889
2017-11-02,7004.5985416666645
2017-11-03,7247.676666666668
2017-11-04,7274.4801041666615
2017-11-05,7487.711562500005
2017-11-06,7239.638055555555
2017-11-07,7113.018888888891
2017-11-08,7382.314826388892
2017-11-09,7221.5979513888915
2017-11-10,6965.868888888887
2017-11-11,6557.861562499999
2017-11-12,6098.779270833333
2017-11-13,6355.666805555559
2017-11-14,6590.95694444445
2017-11-15,7052.936770833329
2017-11-16,7459.131006944441
2017-11-17,7837.1009027777745
2017-11-18,7715.032534722222
2017-11-19,7840.307708333329
2017-11-20,8127.091284722223
2017-11-21,8184.074444444443
2017-11-22,8210.476701388889
2017-11-23,8190.470312500002
2017-11-24,8188.137604166662
2017-11-25,8499.750972222224
2017-11-26,9143.160451388892
2017-11-27,9673.04961805556
2017-11-28,9895.601388888881
2017-11-29,10408.54069444444
2017-11-30,10006.936874999992
2017-12-01,9636.263368055557
2017-12-02,10956.101041666665
2017-12-03,11323.761215277771
2017-12-04,11396.434374999995
2017-12-05,11722.228194444442
2017-12-06,12736.588750000006
2017-12-07,15208.826979166663
2017-12-08,16149.117777777781
2017-12-09,15569.95208333333
2017-12-10,14776.500763888887
2017-12-11,16348.824166666675
2017-12-12,16087.37104166667
2017-12-13,17137.25795138891
2017-12-14,16791.10381944445
2017-12-15,17551.030763888895
2017-12-16,18470.8853125
2017-12-17,19538.531631944446
2017-12-18,18883.91229166668
2017-12-19,18396.5542361111
2017-12-20,16863.529548611114
2017-12-21,16343.210243055551
2017-12-22,13730.09270833334
2017-12-23,15103.733888888897
2017-12-24,14165.727777777778
2017-12-25,14188.325069444438
2017-12-26,15369.503298611118
2017-12-27,15653.231805555555
2017-12-28,14288.09697916666
2017-12-29,14555.990173611113
2017-12-30,13581.00753472221
2017-12-31,13387.41475694444
2018-01-01,13427.455729166655
2018-01-02,13897.487569444433
2018-01-03,14991.636701388883
2018-01-04,14852.576527777781
2018-01-05,15799.648194444453
2018-01-06,16661.119236111117
2018-01-07,16524.838298611106
2018-01-08,15325.974131944444
2018-01-09,14895.589409722226
2018-01-10,14222.289895833344
2018-01-11,13712.672986111102
2018-01-12,13659.654062499996
2018-01-13,14213.579166666656
2018-01-14,13693.698055555544
2018-01-15,13786.340902777782
2018-01-16,12178.983402777789
2018-01-17,10685.488333333333
2018-01-18,11479.81993055555
2018-01-19,11495.531423611108
2018-01-20,12426.266944444433
2018-01-21,11873.286041666659
2018-01-22,11091.525833333335
2018-01-23,10694.214513888886
2018-01-24,10972.084548611108
2018-01-25,11259.704375000008
2018-01-26,10993.38819444444
2018-01-27,11177.363472222216
2018-01-28,11427.162083333336
2018-01-29,11137.52447916666
2018-01-30,10617.430763888882
2018-01-31,9979.32947916667
2018-02-01,8205.631631944438
2018-02-02,8547.280451388891
2018-02-03,8910.120763888892
2018-02-04,8734.95131944444
2018-02-05,7611.754305555556
2018-02-06,6807.395972222223
2018-02-07,7904.774479166667
2018-02-08,8204.37402777778
2018-02-09,8243.701458333331
2018-02-10,8648.350486111118
2018-02-11,8194.004201388894
2018-02-12,8619.187048611113
2018-02-13,8614.781805555558
2018-02-14,9021.04256944444
2018-02-15,9799.160972222224
2018-02-16,10017.574687499999
2018-02-17,10685.7804861111
2018-02-18,10728.845451388892
2018-02-19,10853.013263888888
2018-02-20,11493.456215277778
2018-02-21,10778.371180555558
2018-02-22,10267.063750000003
2018-02-23,10000.15590277778
2018-02-24,9932.20135416666
2018-02-25,9593.683749999997
2018-02-26,9897.671111111114
2018-02-27,10537.131527777783
2018-02-28,10611.285937499997
2018-03-01,10635.494722222229
2018-03-02,10973.349930555567
2018-03-03,11332.302673611124
2018-03-04,11240.038923611115
2018-03-05,11506.670347222229
2018-03-06,11018.58496527777
2018-03-07,10401.503229166668
2018-03-08,9705.231597222219
2018-03-09,8905.86493055556
2018-03-10,9240.00173611111
2018-03-11,9059.626284722222
2018-03-12,9434.485868055548
2018-03-13,9153.974201388895
2018-03-14,8760.289201388894
2018-03-15,8103.440763888889
2018-03-16,8309.445173611113
2018-03-17,8075.007222222224
2018-03-18,7671.724270833334
2018-03-19,8346.101319444446
2018-03-20,8617.979027777783
2018-03-21,8980.202743055548
2018-03-22,8788.37086805556
2018-03-23,8527.068090277779
2018-03-24,8854.04173611111
2018-03-25,8530.266527777778
2018-03-26,8208.880347222224
2018-03-27,7963.0418749999935
2018-03-28,7912.514791666669
2018-03-29,7513.363437500007
2018-03-30,6888.736909722227
2018-03-31,7007.760104166667
2018-04-01,6804.482013888894
2018-04-02,6978.834722222221
2018-04-03,7329.085868055556
2018-04-04,7074.541076388887
2018-04-05,6754.333333333335
2018-04-06,6647.912083333332
2018-04-07,6887.285659722224
2018-04-08,6985.699652777779
2018-04-09,6891.750590277778
2018-04-10,6777.609201388886
2018-04-11,6875.342604166667
2018-04-12,7332.721284722221
2018-04-13,7990.481041666665
2018-04-14,8005.751736111108
2018-04-15,8217.457604166668
2018-04-16,8073.592743055557
2018-04-17,8037.240381944446
2018-04-18,8054.604305555551
2018-04-19,8212.144513888894
2018-04-20,8447.220173611115
2018-04-21,8804.766006944443
2018-04-22,8889.250381944443
2018-04-23,8893.011909722229
2018-04-24,9313.665868055552
2018-04-25,9207.03465277778
2018-04-26,8882.84850694445
2018-04-27,9211.62798611111
2018-04-28,9237.528645833332
2018-04-29,9344.82809027777
2018-04-30,9283.07631944445
2018-05-01,8986.507465277768
2018-05-02,9110.01854166667
2018-05-03,9362.614583333332
2018-05-04,9648.677256944446
2018-05-05,9819.734305555545
2018-05-06,9608.662812500004
2018-05-07,9337.279930555553
2018-05-08,9260.440694444438
2018-05-09,9185.168888888891
2018-05-10,8616.326354166667
2018-05-11,8701.57072916667
2018-05-12,8425.3846875
2018-05-13,8551.476215277775
2018-05-14,8577.473541666668
2018-05-15,8640.994930555558
2018-05-16,8278.847048611111
2018-05-17,8275.875763888891
2018-05-18,8105.012638888885
2018-05-19,8255.768819444442
2018-05-20,8361.477777777769
2018-05-21,8451.866388888886
2018-05-22,8230.886493055557
2018-05-23,7783.451319444441
2018-05-24,7535.176597222222
2018-05-25,7486.048020833332
2018-05-26,7487.627812500005
2018-05-27,7309.665243055559
2018-05-28,7250.032118055554
2018-05-29,7290.478472222218
2018-05-30,7066.177256944444
2018-05-31,7499.762361111111
2018-06-01,7478.288194444448
2018-06-02,7596.955416666666
2018-06-03,7637.741284722225
2018-06-04,7011.3383680555535
2018-06-05,7488.327777777776
2018-06-06,7602.092361111113
2018-06-07,7690.703159722227
2018-06-08,7628.480451388891
2018-06-09,7626.970763888889
2018-06-10,7133.402152777777
2018-06-11,6762.160208333335
2018-06-12,6752.398749999995
2018-06-13,6439.398229166667
2018-06-14,6500.621111111109
2018-06-15,6547.988333333336
2018-06-16,6459.135625
2018-06-17,6505.50565972222
2018-06-18,6365.3400694444435
2018-06-19,6717.201354166658
2018-06-20,6679.96128472222
2018-06-21,6733.504583333333
2018-06-22,6356.310694444445
2018-06-23,6133.661423611112
2018-06-24,6019.461180555555
2018-06-25,6200.60784722222
2018-06-26,6201.502083333335
2018-06-27,6094.495659722221
2018-06-28,6081.882777777777
2018-06-29,5904.538159722219
2018-06-30,6363.102118055555
2018-07-01,6347.373472222221
2018-07-02,6453.370902777779
2018-07-03,6597.386597222223
2018-07-04,6571.937743055552
2018-07-05,6580.424618055559
2018-07-06,6541.316493055556
2018-07-07,6572.130208333336
2018-07-08,6735.441145833338
2018-07-09,6703.445069444449
2018-07-10,6480.134583333334
2018-07-11,6355.974201388891
2018-07-12,6221.743472222221
2018-07-13,6237.68701388889
2018-07-14,6238.776701388894
2018-07-15,6319.977118055558
2018-07-16,6520.765590277779
2018-07-17,6880.104895833331
2018-07-18,7405.508402777781
2018-07-19,7389.060763888882
2018-07-20,7420.091597222222
2018-07-21,7346.71881944444
2018-07-22,7447.864965277782
2018-07-23,7678.586458333331
2018-07-24,8072.425312500002
2018-07-25,8250.84569444444
2018-07-26,8189.174444444444
2018-07-27,8015.515451388885
2018-07-28,8176.634999999997
2018-07-29,8201.659409722219
2018-07-30,8132.552604166666
2018-07-31,7912.548715277775
2018-08-01,7567.695972222219
2018-08-02,7588.741701388888
2018-08-03,7394.514340277778
2018-08-04,7249.691770833331
2018-08-05,6997.377569444443
2018-08-06,6989.845347222225
2018-08-07,6986.721875000003
2018-08-08,6446.12315972223
2018-08-09,6396.429305555556
2018-08-10,2188.155138888889
2018-08-11,6191.735763888892
2018-08-12,6307.606076388888
2018-08-13,6347.200590277781
2018-08-14,6059.041041666666
2018-08-15,6370.8199305555545
2018-08-16,6345.614722222223
2018-08-17,6468.885520833331
2018-08-18,6454.27173611111
2018-08-19,6401.562638888887
2018-08-20,6444.7915972222245
2018-08-21,6399.582152777778
2018-08-22,6578.289930555559
2018-08-23,6434.320729166669
2018-08-24,6550.973888888886
2018-08-25,6716.162222222221
2018-08-26,6671.04059027778
2018-08-27,6714.284756944441
2018-08-28,6987.662812500005
2018-08-29,7049.449166666669
2018-08-30,6928.561006944442
2018-08-31,6980.836250000005
2018-09-01,7105.376562499999
2018-09-02,7238.5145486111105
2018-09-03,7258.047083333337
2018-09-04,7318.390347222222
2018-09-05,7126.4257291666645
2018-09-06,6421.649166666664
2018-09-07,6444.891736111109
2018-09-08,6361.386631944446
2018-09-09,6294.010659722222
2018-09-10,6288.339305555553
2018-09-11,6291.2602430555535
2018-09-12,6267.997222222221
2018-09-13,6440.660625
2018-09-14,6499.7675
2018-09-15,6517.536562500001
2018-09-16,6483.300729166673
2018-09-17,6397.2679861111055
2018-09-18,6294.582083333332
2018-09-19,6335.639444444451
2018-09-20,6410.7872916666665
2018-09-21,6659.154479166664
2018-09-22,6707.137604166666
2018-09-23,6705.799513888891
2018-09-24,6638.6563888888895
2018-09-25,6414.95375
2018-09-26,6462.472638888889
2018-09-27,6519.47388888889
2018-09-28,6664.260104166668
2018-09-29,6543.279305555556
2018-09-30,6583.341319444445
2018-10-01,6580.8621875000035
2018-10-02,6544.84871527778
2018-10-03,6448.0344444444445
2018-10-04,6547.983958333332
2018-10-05,6544.680173611114
2018-10-06,6558.287812499993
2018-10-07,6535.851805555551
2018-10-08,6587.665520833334
2018-10-09,6587.195243055556
2018-10-10,6517.9246875000035
2018-10-11,6213.6071180555555
2018-10-12,6202.770277777775
2018-10-13,6198.683055555562
2018-10-14,6227.447152777778
2018-10-15,6369.217152777777
2018-10-16,6438.663298611114
2018-10-17,6437.940972222224
2018-10-18,6427.511736111108
2018-10-19,6385.146736111111
2018-10-20,6396.657743055554
2018-10-21,6433.8897222222195
2018-10-22,6404.045868055551
2018-10-23,6393.840486111107
2018-10-24,6423.742048611111
2018-10-25,6155.148750000001
2018-10-26,6400.042395833334
2018-10-27,6407.092881944444
2018-10-28,6403.715034722227
2018-10-29,6330.194479166664
2018-10-30,6264.116770833334
2018-10-31,6275.696875
2018-11-01,6310.158888888889
2018-11-02,6353.565694444445
2018-11-03,6335.386909722222
2018-11-04,6365.515069444441
2018-11-05,6405.157604166667
2018-11-06,6413.334756944453
2018-11-07,6506.389375000008
2018-11-08,6450.896909722218
2018-11-09,6366.835104166666
2018-11-10,6355.690520833333
2018-11-11,6339.60909722223
2018-11-12,6349.792847222221
2018-11-13,6291.726631944446
2018-11-14,6020.2231249999995
2018-11-15,5495.4622916666685
2018-11-16,5531.396041666666
2018-11-17,5485.618680555553
2018-11-18,5534.6733333333295
2018-11-19,5201.611979166666
2018-11-20,4527.902395833333
2018-11-21,4446.387083333334
2018-11-22,4468.618055555558
2018-11-23,4248.331736111109
2018-11-24,4203.334791666666
2018-11-25,3754.36125
2018-11-26,3850.157430555556
2018-11-27,3703.173715277778
2018-11-28,4060.3769444444447
2018-11-29,4224.841597222223
2018-11-30,4076.160277777779
2018-12-01,4079.630659722223
2018-12-02,4122.174965277776
2018-12-03,3925.026076388888
2018-12-04,3905.348784722227
2018-12-05,3802.783263888885
2018-12-06,3694.384062499999
2018-12-07,3358.3333333333317
2018-12-08,3384.860486111111
2018-12-09,3468.8657638888903
2018-12-10,3470.0519444444444
2018-12-11,3365.6925347222223
2018-12-12,3396.405902777775
2018-12-13,3360.5071527777777
2018-12-14,3234.1757291666668
2018-12-15,3179.6990625
2018-12-16,3217.499201388892
2018-12-17,3333.175347222223
2018-12-18,3508.857499999999
2018-12-19,3749.252256944443
2018-12-20,3924.597986111111
2018-12-21,3973.3805902777767
2018-12-22,3852.120520833335
2018-12-23,3978.7891666666674
2018-12-24,4126.30013888889
2018-12-25,3773.788055555555
2018-12-26,3500.2423958333316
2018-12-27,3717.4858680555544
2018-12-28,3701.198472222223
2018-12-29,3874.1376388888884
2018-12-30,3789.5120138888897
2018-12-31,3756.241284722222
2019-01-01,3700.994479166666
2019-01-02,3823.2624999999994
2019-01-03,3829.7446875000014
2019-01-04,3785.354826388887
2019-01-05,3834.554756944446
2019-01-06,3874.5070833333334
2019-01-07,4022.946006944446
2019-01-08,4006.860486111112
2019-01-09,4011.134895833336
2019-01-10,3795.7859722222233
2019-01-11,3637.0193750000017
2019-01-12,3627.3287847222246
2019-01-13,3580.9902777777784
2019-01-14,3579.9821875000002
2019-01-15,3641.1879513888885
2019-01-16,3603.94888888889
2019-01-17,3603.4645138888895
2019-01-18,3616.2723958333327
2019-01-19,3672.4261458333326
2019-01-20,3607.450381944443
2019-01-21,3536.0739930555565
2019-01-22,3551.1641319444448
2019-01-23,3569.230381944445
2019-01-24,3554.435034722225
2019-01-25,3556.766215277778
2019-01-26,3572.0202430555564
2019-01-27,3546.1703125
2019-01-28,3437.76607638889
2019-01-29,3398.8787499999985
2019-01-30,3422.6655555555567
2019-01-31,3425.0911458333317
2019-02-01,3416.6348263888885
2019-02-02,3432.9797569444436
2019-02-03,3426.8029166666656
2019-02-04,3414.3951388888872
2019-02-05,3418.323680555556
2019-02-06,3371.7561805555547
2019-02-07,3366.607152777781
2019-02-08,3452.141562500001
2019-02-09,3615.793194444443
2019-02-10,3609.041597222221
2019-02-11,3595.9819097222244
2019-02-12,3578.1347222222225
2019-02-13,3582.8077777777803
2019-02-14,3569.7420833333326
2019-02-15,3571.2612500000027
2019-02-16,3588.698888888889
2019-02-17,3586.3131249999988
2019-02-18,3756.29829861111
2019-02-19,3900.9382638888887
2019-02-20,3910.892986111109
2019-02-21,3906.69326388889
2019-02-22,3926.304791666666
2019-02-23,3981.367152777778
2019-02-24,3990.7422916666674
2019-02-25,3792.806770833335
2019-02-26,3799.7880555555553
2019-02-27,3795.975381944445
2019-02-28,3810.9939583333335
2019-03-01,3813.4904861111127
2019-03-02,3805.852569444445
2019-03-03,3802.6676388888873
2019-03-04,3724.7214930555574
2019-03-05,3766.5166319444447
2019-03-06,3839.649374999999
2019-03-07,3862.2848611111094
2019-03-08,3872.530243055553
2019-03-09,3890.7864930555525
2019-03-10,3894.192812500001
2019-03-11,3865.1757291666677
2019-03-12,3847.463263888889
2019-03-13,3854.1145833333335
2019-03-14,3850.435486111114
2019-03-15,3878.2483333333344
2019-03-16,3979.8278472222237
2019-03-17,3963.406944444445
2019-03-18,3969.679652777777
2019-03-19,3976.9531944444443
2019-03-20,3996.099409722223
2019-03-21,4005.859097222221
2019-03-22,3981.46045138889
2019-03-23,3883.5745138888897
2019-03-24,3968.2033680555583
2019-03-25,3948.8478125000006
2019-03-26,3908.2460763888876
2019-03-27,3993.8196527777764
2019-03-28,4009.2282291666684
2019-03-29,4044.2182638888894
2019-03-30,4084.769027777778
2019-03-31,4088.914201388889
2019-04-01,4126.696319444446
2019-04-02,4649.476215277775
2019-04-03,5039.165312499998
2019-04-04,4971.161041666667
2019-04-05,4981.621006944446
2019-04-06,5044.703888888891
2019-04-07,5129.873715277775
2019-04-08,5242.57326388889
2019-04-09,5221.171250000001
2019-04-10,5270.495451388886
2019-04-11,4621.626180555555
2019-04-12,4977.26260416667
2019-04-13,5085.276076388894
2019-04-14,5079.484652777776
2019-04-15,5122.117534722223
2019-04-16,5098.770381944446
2019-04-17,5218.492569444445
2019-04-18,5264.6518750000005
2019-04-19,5260.192256944443
2019-04-20,5314.126041666665
2019-04-21,5289.7607638888885
2019-04-22,5317.68170138889
2019-04-23,5532.640312500004
2019-04-24,5487.059965277783
2019-04-25,5422.920729166669
2019-04-26,5150.127152777778
2019-04-27,5165.540868055554
2019-04-28,5170.497256944448
2019-04-29,5155.6462152777785
2019-04-30,5199.830486111107
2019-05-01,5305.032291666667
2019-05-02,5362.588680555557
2019-05-03,5618.306562500003
2019-05-04,5694.387638888891
2019-05-05,5722.938368055554
2019-05-06,5656.826493055556
2019-05-07,5864.794791666666
2019-05-08,5845.7458680555565
2019-05-09,6048.764791666668
2019-05-10,6292.623888888893
2019-05-11,6810.554236111111
2019-05-12,7156.5403125
2019-05-13,7410.91690972222
2019-05-14,7994.799548611111
2019-05-15,8054.81819444445
2019-05-16,7994.853888888887
2019-05-17,7267.24559027778
2019-05-18,7327.7254513888865
2019-05-19,7935.455590277775
2019-05-20,7905.461736111112
2019-05-21,7953.136840277777
2019-05-22,7889.723506944448
2019-05-23,7703.051006944443
2019-05-24,7981.764722222223
2019-05-25,8044.33399305555
2019-05-26,8126.768090277784
2019-05-27,8784.285694444447
2019-05-28,8726.918333333331
2019-05-29,8646.011631944439
2019-05-30,8633.20496527777
2019-05-31,8353.554340277777
2019-06-01,8542.992291666667
2019-06-02,8671.210798611111
2019-06-03,8531.132430555554
2019-06-04,7852.91215277778
2019-06-05,7774.614375
2019-06-06,7752.177222222225
2019-06-07,7938.9794791666645
2019-06-08,7941.7945486111175
2019-06-09,7799.581458333338
2019-06-10,7819.84638888889
2019-06-11,7895.97684027778
2019-06-12,8037.183749999998
2019-06-13,8170.326909722224
2019-06-14,8353.503750000003
2019-06-15,8726.865937499993
2019-06-16,9087.981249999993
2019-06-17,9232.876354166663
2019-06-18,9151.961423611097
2019-06-19,9145.74076388889
2019-06-20,8246.54003472222
2019-06-21,9803.098611111107
2019-06-22,10730.535138888888
2019-06-23,10751.788993055554
2019-06-24,10846.272222222224
2019-06-25,11317.329722222223
2019-06-26,12656.454340277776
2019-06-27,11801.232500000007
2019-06-28,11682.999375000005
2019-06-29,11856.001805555547
2019-06-30,11543.17378472222
2019-07-01,10692.810624999993
2019-07-02,10304.000868055547
2019-07-03,11346.326041666667
2019-07-04,11758.412430555562
2019-07-05,11140.419687499996
2019-07-06,11417.396041666665
2019-07-07,11311.456527777777
2019-07-08,11794.932916666661
2019-07-09,12512.914270833331
2019-07-10,12648.95510416667
2019-07-11,11582.558819444435
2019-07-12,11585.15149305555
2019-07-13,11430.47225694444
2019-07-14,10858.34260416666
2019-07-15,10417.703124999993
2019-07-16,10355.173993055556
2019-07-17,9579.115277777773
2019-07-18,10055.266493055564
2019-07-19,10472.629027777775
2019-07-20,10679.927916666662
2019-07-21,10576.855312499998
2019-07-22,10449.07027777778
2019-07-23,10069.70152777777
2019-07-24,9700.949652777781
2019-07-25,10020.440000000002
2019-07-26,9774.537777777774
2019-07-27,9729.938090277774
2019-07-28,9484.586180555558
2019-07-29,9538.821840277777
2019-07-30,9538.868645833323
2019-07-31,9856.171527777775
2019-08-01,10084.508368055554
2019-08-02,10473.975347222227
2019-08-03,10784.735625
2019-08-04,10819.31590277777
2019-08-05,11677.862812500007
2019-08-06,11757.703368055556
2019-08-07,11708.429340277778
2019-08-08,11799.504687499992
2019-08-09,11819.227569444447
2019-08-10,11580.402708333328
2019-08-11,11377.676840277776
2019-08-12,11393.927777777773
2019-08-13,11135.72215277778
2019-08-14,10436.733020833337
2019-08-15,10011.099722222216
2019-08-16,10231.707118055554
2019-08-17,10295.392291666662
2019-08-18,10290.6475
2019-08-19,10615.029479166667
2019-08-20,10752.180173611112
2019-08-21,10192.899895833332
2019-08-22,10044.78520833333
2019-08-23,10263.851284722208
2019-08-24,10157.094722222215
2019-08-25,10100.214374999998
2019-08-26,10346.065347222213
2019-08-27,10174.338715277781
2019-08-28,10042.826597222225
2019-08-29,9519.10090277777
2019-08-30,9536.326631944446
2019-08-31,9593.881458333324
2019-09-01,9626.986215277775
2019-09-02,9949.32888888889
2019-09-03,10522.171458333325
2019-09-04,10560.472986111114
2019-09-05,10563.327743055557
2019-09-06,10656.159826388892
2019-09-07,10421.765729166673
2019-09-08,10458.308854166664
2019-09-09,10299.287430555554
2019-09-10,10221.683819444446
2019-09-11,10062.58583333333
2019-09-12,10218.936180555558
2019-09-13,10315.468368055555
2019-09-14,10341.155243055548
2019-09-15,10315.934340277763
2019-09-16,10251.426041666673
2019-09-17,10216.226041666663
2019-09-18,10194.294236111109
2019-09-19,9988.955624999993
2019-09-20,10173.510173611112
2019-09-21,10037.740624999999
2019-09-22,9977.915937499994
2019-09-23,9876.61864583334
2019-09-24,9430.321631944447
2019-09-25,8449.142256944442
2019-09-26,8250.55940972222
2019-09-27,8039.7972569444455
2019-09-28,8159.270659722218
2019-09-29,8074.2414930555515
2019-09-30,8072.336249999997
2019-10-01,8362.717986111105
2019-10-02,8257.533263888894
2019-10-03,8245.304652777782
2019-10-04,8147.178784722223
2019-10-05,8109.801006944439
2019-10-06,7981.084131944441
2019-10-07,8040.7989236111125
2019-10-08,8210.15197916666
2019-10-09,8338.916319444448
2019-10-10,8117.441701388889
2019-10-11,8399.674409722218
2019-10-12,8334.653993055557
2019-10-13,8358.572152777782
2019-10-14,8307.668819444441
2019-10-15,8263.592430555556
2019-10-16,8064.463159722228
2019-10-17,8032.834618055561
2019-10-18,7962.48093750001
2019-10-19,7960.58708333333
2019-10-20,8020.3430902777845
2019-10-21,8222.401180555556
2019-10-22,8200.160104166665
2019-10-23,7746.563020833333
2019-10-24,7450.591006944444
2019-10-25,7883.219652777783
2019-10-26,9319.752118055554
2019-10-27,9413.672430555547
2019-10-28,9475.93704861111
2019-10-29,9383.408055555554
2019-10-30,9193.878819444442
2019-10-31,8695.379826388877
2019-11-01,9155.38368055556
2019-11-02,9282.579444444444
2019-11-03,9221.302812500004
2019-11-04,9256.422916666674
2019-11-05,9343.247986111108
2019-11-06,9334.050590277784
2019-11-07,9234.917465277777
2019-11-08,8979.268715277773
2019-11-09,8808.876527777773
2019-11-10,8888.702812499996
2019-11-11,8796.304999999995
2019-11-12,8732.6321875
2019-11-13,8745.833680555552
2019-11-14,8653.72055555555
2019-11-15,8537.968402777778
2019-11-16,8471.138923611112
2019-11-17,8514.862604166665
2019-11-18,8377.796388888888
2019-11-19,8113.185798611115
2019-11-20,8096.764027777776
2019-11-21,7845.877048611109
2019-11-22,7342.19392361111
2019-11-23,7243.192777777773
2019-11-24,7146.549930555553
2019-11-25,6961.40888888889
2019-11-26,7140.718055555554
2019-11-27,7252.144166666665
2019-11-28,7522.899965277779
2019-11-29,7612.415590277781
2019-11-30,7654.380659722228
2019-12-01,7352.97229166667
2019-12-02,7308.0998263888905
2019-12-03,7317.673159722224
2019-12-04,7276.160138888891
2019-12-05,7328.375555555558
2019-12-06,7403.594409722219
2019-12-07,7532.998958333333
2019-12-08,7495.0337500000005
2019-12-09,7459.875798611112
2019-12-10,7298.5026041666715
2019-12-11,7208.2567361111105
2019-12-12,7169.3327083333315
2019-12-13,7224.258715277778
2019-12-14,7163.008437500001
2019-12-15,7088.364131944446
2019-12-16,7030.932291666665
2019-12-17,6788.010208333335
2019-12-18,6772.141979166671
2019-12-19,7147.126562500004
2019-12-20,7149.807430555558
2019-12-21,7148.517430555561
2019-12-22,7226.705729166661
2019-12-23,7502.012847222224
2019-12-24,7294.656666666666
2019-12-25,7210.600520833337
2019-12-26,7219.815451388886
2019-12-27,7191.133576388893
2019-12-28,7299.2558680555585
2019-12-29,7345.934479166666
2019-12-30,7297.0506249999935
2019-12-31,7197.772569444445
2020-01-01,7196.017291666666
2020-01-02,7071.726736111118
2020-01-03,7217.0989236111145
2020-01-04,7322.183263888892
2020-01-05,7429.876527777782
2020-01-06,7533.821979166672
2020-01-07,7929.44934027778
2020-01-08,8234.94986111111
2020-01-09,7897.3339930555585
2020-01-10,7887.879687500001
2020-01-11,8114.539618055556
2020-01-12,8113.184409722218
2020-01-13,8101.342361111108
2020-01-14,8575.662256944448
2020-01-15,8744.500312500004
2020-01-16,8675.599097222223
2020-01-17,8853.403159722224
2020-01-18,8892.878611111104
2020-01-19,8848.492777777772
2020-01-20,8644.792604166661
2020-01-21,8646.557013888894
2020-01-22,8666.280694444446
2020-01-23,8436.4421875
2020-01-24,8384.000590277778
2020-01-25,8322.153020833335
2020-01-26,8432.157534722217
2020-01-27,8723.984513888889
2020-01-28,9040.871354166675
2020-01-29,9331.152430555554
2020-01-30,8713.257604166667
2020-01-31,9342.403298611112
2020-02-01,9373.216458333342
2020-02-02,9378.029687499995
2020-02-03,9330.861909722227
2020-02-04,9203.681493055557
2020-02-05,9402.080138888894
2020-02-06,9689.94364583333
2020-02-07,9777.082222222225
2020-02-08,9814.004201388881
2020-02-09,10082.600798611105
2020-02-10,9921.615972222218
2020-02-11,9957.36104166667
2020-02-12,10344.376006944445
2020-02-13,10286.910034722225
2020-02-14,10261.530486111109
2020-02-15,10144.377743055544
2020-02-16,9906.899618055551
2020-02-17,9721.175312499989
2020-02-18,9846.771006944444
2020-02-19,10100.930520833332
2020-02-20,9581.628263888888
2020-02-21,9690.284513888892
2020-02-22,9661.014131944445
2020-02-23,9871.182152777768
2020-02-24,9735.010138888887
2020-02-25,9490.412395833328
2020-02-26,9032.433229166663
2020-02-27,8796.961909722222
2020-02-28,8698.89746527778
2020-02-29,8686.376076388879
2020-03-01,8557.491736111113
2020-03-02,8747.457673611108
2020-03-03,8791.174236111114
2020-03-04,8762.653854166665
2020-03-05,9021.88739583333
2020-03-06,9098.965694444436
2020-03-07,9054.974513888897
2020-03-08,8569.91364583333
2020-03-09,7880.9423958333355
2020-03-10,7948.448402777772
2020-03-11,7849.017187500002
2020-03-12,6667.296597222228
2020-03-13,5314.086770833332
2020-03-14,5411.838749999997
2020-03-15,5296.032013888884
2020-03-16,4988.037291666673
2020-03-17,5313.959965277777
2020-03-18,5286.80916666666
2020-03-19,5760.726944444445
2020-03-20,6362.093402777778
2020-03-21,6171.818993055555
2020-03-22,6141.552673611117
2020-03-23,6107.0021527777735
2020-03-24,6654.061597222221
2020-03-25,6662.369791666668
2020-03-26,6672.606284722224
2020-03-27,6691.830034722226
2020-03-28,6226.446909722221
2020-03-29,6106.848680555556
2020-03-30,6273.093125
2020-03-31,6452.649444444443
2020-04-01,6308.067916666667
2020-04-02,6564.644097222223
2020-04-03,6816.378368055552
2020-04-04,6773.528680555559
2020-04-05,6798.0881597222215
2020-04-06,7090.998888888889
2020-04-07,7318.004409722223
2020-04-08,7303.720729166673
2020-04-09,7305.904340277779
2020-04-10,6976.02805555556
2020-04-11,6871.84819444444
2020-04-12,6947.739652777772
2020-04-13,6751.488680555559
2020-04-14,6883.725416666667
2020-04-15,6801.881527777777
2020-04-16,6912.952291666667
2020-04-17,7073.94388888889
2020-04-18,7156.4748958333375
2020-04-19,7171.3444097222255
2020-04-20,7053.8492708333315
2020-04-21,6867.424826388892
2020-04-22,7000.682847222226
2020-04-23,7294.652118055561
2020-04-24,7521.469409722222
2020-04-25,7545.2156597222165
2020-04-26,7603.186249999995
2020-04-27,7715.708819444443
2020-04-28,7730.1291666666675
2020-04-29,8246.924652777778
2020-04-30,8896.159166666672
2020-05-01,8784.37531249999
2020-05-02,8875.372256944453
2020-05-03,8981.802326388892
2020-05-04,8772.250763888886
2020-05-05,8931.121284722229
2020-05-06,9162.303819444445
2020-05-07,9492.617881944441
2020-05-08,9925.011076388882
2020-05-09,9728.625590277772
2020-05-10,8687.32368055556
2020-05-11,8707.088819444438
2020-05-12,8774.092534722224
2020-05-13,9046.227499999997
2020-05-14,9577.545416666668
2020-05-15,9523.734305555558
2020-05-16,9403.814791666666
2020-05-17,9625.305659722226
2020-05-18,9721.391458333332
2020-05-19,9669.645069444441
2020-05-20,9672.09041666667
2020-05-21,9280.41479166666
2020-05-22,9124.228506944442
2020-05-23,9207.786423611109
2020-05-24,9123.069826388884
2020-05-25,8820.213958333341
2020-05-26,8859.80024305555
2020-05-27,9027.106736111113
2020-05-28,9319.687777777783
2020-05-29,9454.35048611111
2020-05-30,9507.903819444446
2020-05-31,9548.282430555548
2020-06-01,9585.04020833333
2020-06-02,9879.306770833333
2020-06-03,9550.994722222218
2020-06-04,9699.911458333332
2020-06-05,9741.214895833335
2020-06-06,9635.414652777792
2020-06-07,9621.196875000001
2020-06-08,9723.601805555547
2020-06-09,9711.645104166666
2020-06-10,9787.145138888878
2020-06-11,9641.230104166672
2020-06-12,9411.375902777778
2020-06-13,9427.863368055561
2020-06-14,9405.241909722225
2020-06-15,9244.502604166664
2020-06-16,9494.164826388886
2020-06-17,9441.62913194444
2020-06-18,9405.743194444452
2020-06-19,9325.59003472222
2020-06-20,9301.379895833334
2020-06-21,9348.150694444439
2020-06-22,9479.919652777777
2020-06-23,9637.502638888893
2020-06-24,9440.407048611112
2020-06-25,9231.663402777769
2020-06-26,9181.16552083333
2020-06-27,9106.240555555556
2020-06-28,9055.109756944441
2020-06-29,9115.400104166663
2020-06-30,9149.787534722222
2020-07-01,9189.777777777785
2020-07-02,9166.025833333326
2020-07-03,9092.928854166665
2020-07-04,9091.52003472222
2020-07-05,9064.239791666667
2020-07-06,9211.71621527778
2020-07-07,9267.485173611114
2020-07-08,9344.804583333329
2020-07-09,9329.054062499998
2020-07-10,9199.592951388882
2020-07-11,9238.760937500003
2020-07-12,9249.960243055553
2020-07-13,9277.462256944445
2020-07-14,9219.159583333329
2020-07-15,9221.288888888897
2020-07-16,9131.49649305555
2020-07-17,8943.035659722227
2020-07-18,9161.934930555555
2020-07-19,9155.904409722214
2020-07-20,9177.69618055556
2020-07-21,9307.300312499998
2020-07-22,9364.397534722226
2020-07-23,9540.604097222225
2020-07-24,9358.79291666667
2020-07-25,9621.089999999997
2020-07-26,9834.393333333335
2020-07-27,10435.503715277779
2020-07-28,10987.012187499997
2020-07-29,11096.13375000001
2020-07-30,11033.345243055557
2020-07-31,11197.897499999995
2020-08-01,11611.224027777784
2020-08-02,11334.07458333334
2020-08-03,11254.870034722226
2020-08-04,11243.364444444434
2020-08-05,11466.61857638889
2020-08-06,11756.177604166667
2020-08-07,11717.003576388892
2020-08-08,11118.27100694445
2020-08-09,11672.877013888894
2020-08-10,11899.812569444442
2020-08-11,11631.390833333335
2020-08-12,11462.330416666668
2020-08-13,11550.578784722227
2020-08-14,11755.260486111116
2020-08-15,11877.98121527778
2020-08-16,11851.283750000004
2020-08-17,12056.595312499989
2020-08-18,12163.758541666662
2020-08-19,11797.092222222222
2020-08-20,11798.340347222229
2020-08-21,11743.497986111113
2020-08-22,11559.128333333327
2020-08-23,11622.396874999993
2020-08-24,11734.376770833325
2020-08-25,11508.72260416666
2020-08-26,11404.700729166658
2020-08-27,11345.910625000002
2020-08-28,11441.762291666671
2020-08-29,11506.047083333337
2020-08-30,11608.768854166656
2020-08-31,11684.19965277777
2020-09-01,11873.29104166667
2020-09-02,11576.628124999997
2020-09-03,11038.27847222222
2020-09-04,9920.441874999999
2020-09-05,10085.151770833332
2020-09-06,10201.378993055558
2020-09-07,10160.869965277772
2020-09-08,10146.452187500001
2020-09-09,10186.028958333321
2020-09-10,10338.62975694444
2020-09-11,10301.993819444438
2020-09-12,10372.804166666661
2020-09-13,10396.007916666664
2020-09-14,10510.327743055563
2020-09-15,10773.510833333328
2020-09-16,10895.154479166664
2020-09-17,10892.466493055563
2020-09-18,10924.267812500007
2020-09-19,11013.002465277777
2020-09-20,10916.434131944432
2020-09-21,10676.64440972222
2020-09-22,10467.812256944442
2020-09-23,10431.865243055552
2020-09-24,10444.49854166666
2020-09-25,10671.073645833334
2020-09-26,10717.055277777767
2020-09-27,10718.254548611108
2020-09-28,10878.910451388883
2020-09-29,10728.583715277779
2020-09-30,10741.09836805555
2020-10-01,10754.846770833326
2020-10-02,10526.683125000003
2020-10-03,10549.877361111106
2020-10-04,10605.851284722215
2020-10-05,10443.603923611105
2020-10-06,10698.380312499994
2020-10-07,10619.487187499994
2020-10-08,10733.82336805555
2020-10-09,10982.190208333333
2020-10-10,11336.864131944436
2020-10-11,11361.524444444443
2020-10-12,11445.622847222223
2020-10-13,11450.532118055551
2020-10-14,11405.591423611111
2020-10-15,11414.712812500007
2020-10-16,11365.339861111115
2020-10-17,11344.83618055556
2020-10-18,11431.240694444445
2020-10-19,11582.08871527778
2020-10-20,11102.094791666666
2020-10-21,12460.711388888885
2020-10-22,12934.884027777778
2020-10-23,12934.169999999993
2020-10-24,13029.77954861112
2020-10-25,13057.535798611112
2020-10-26,13069.153680555544
2020-10-27,12891.531701388893
2020-10-28,13350.162534722222
2020-10-29,13329.346076388885
2020-10-30,13434.578854166659
2020-10-31,13740.109895833333
2020-11-01,13769.934583333337
2020-11-02,13596.923298611104
2020-11-03,13612.614374999997
2020-11-04,13898.656597222223
2020-11-05,14732.798194444438
2020-11-06,15581.329131944454
2020-11-07,15343.523888888893
2020-11-08,15202.341423611115
2020-11-09,15380.51586805556
2020-11-10,15325.287500000006
2020-11-11,15593.706493055548
2020-11-12,15927.847256944453
2020-11-13,16289.801180555556
2020-11-14,16031.09416666666
2020-11-15,15997.001006944425
2020-11-16,16372.214340277777
2020-11-17,17087.253645833334
2020-11-18,17885.96302083334
2020-11-19,17843.13979166666
2020-11-20,18338.81052083334
2020-11-21,18717.400451388883
2020-11-22,18432.973854166674
2020-11-23,18449.094097222216
2020-11-24,18866.934374999997
2020-11-25,19056.472499999985
2020-11-26,17390.051597222227
2020-11-27,16986.496840277763
2020-11-28,17313.972326388906
2020-11-29,17995.53111111112
2020-11-30,18917.995
2020-12-01,19268.388125
2020-12-02,18953.607743055545
2020-12-03,19280.909027777772
2020-12-04,19121.838333333344
2020-12-05,19001.545902777776
2020-12-06,19152.45704861112
2020-12-07,19202.419062499997
2020-12-08,18941.34274305556
2020-12-09,18266.375590277774
2020-12-10,18302.141979166663
2020-12-11,17936.366979166665
2020-12-12,18475.433506944435
2020-12-13,19117.199826388893
2020-12-14,19162.93364583333
2020-12-15,19353.013402777775
2020-12-16,20082.72725694445
2020-12-17,22625.127638888895
2020-12-18,22884.928229166675
2020-12-19,23364.63513888889
2020-12-20,23600.38708333334
2020-12-21,23262.904826388894
2020-12-22,23099.731770833325
2020-12-23,23533.57704861111
2020-12-24,23222.20013888889
2020-12-25,24019.924374999988
2020-12-26,25272.377118055563
2020-12-27,27049.15118055557
2020-12-28,26968.829027777767
2020-12-29,26673.648090277777
2020-12-30,28146.818472222207
2020-12-31,28885.232118055563
2021-01-01,29290.579722222214
2021-01-02,30771.133854166663
2021-01-03,33484.667986111126
2021-01-04,31861.38690972222
2021-01-05,32278.864375000005
2021-01-06,34909.92256944446
2021-01-07,38080.24392361111
2021-01-08,39811.39097222223
2021-01-09,40397.330763888895
2021-01-10,39729.501319444396
2021-01-11,34270.13486111112
2021-01-12,34837.36739583333
2021-01-13,34676.025833333355
2021-01-14,38507.08864583334
2021-01-15,37468.20454861113
2021-01-16,36837.48972222223
2021-01-17,35654.74690972219
2021-01-18,36042.92100694446
2021-01-19,36852.744652777765
2021-01-20,35158.34079861108
2021-01-21,32944.6532986111
2021-01-22,31865.764374999988
2021-01-23,32354.100312499984
2021-01-24,32229.75194444444
2021-01-25,33357.46454861109
2021-01-26,31997.020416666677
2021-01-27,31146.634687500024
2021-01-28,31801.989374999972
2021-01-29,35051.247152777796
2021-01-30,34060.01493055556
2021-01-31,33450.97159722223
2021-02-01,33709.98000000001
2021-02-02,34720.20361111112
2021-02-03,36579.11447916666
2021-02-04,37540.91791666666
2021-02-05,37623.91166666668
2021-02-06,39822.01211805557
2021-02-07,38718.91267361114
2021-02-08,41202.13458333335
2021-02-09,46688.314166666685
2021-02-10,45798.08114583335
2021-02-11,46274.869027777764
2021-02-12,47605.250833333324
2021-02-13,47284.50437499999
2021-02-14,48610.354062499995
2021-02-15,47863.63461805555
2021-02-16,48847.577118055546
2021-02-17,50925.09795138889
2021-02-18,51905.447465277815
2021-02-19,53090.29187499999
2021-02-20,56287.531701388914
2021-02-21,57047.95677083332
2021-02-22,54721.61277777774
2021-02-23,48966.41517361116
2021-02-24,49798.52236111116
2021-02-25,49980.624861111115
2021-02-26,46659.801423611134
2021-02-27,47138.76329861109
2021-02-28,44815.26996527779
2021-03-01,47645.75597222223
2021-03-02,48621.52239583335
2021-03-03,50429.64753472223
2021-03-04,49399.925763888896
2021-03-05,47712.004479166666
2021-03-06,48360.611388888916
2021-03-07,50211.18670138891
2021-03-08,50799.2692013889
2021-03-09,53985.89295138889
2021-03-10,55374.78093749998
2021-03-11,56271.03538194442
2021-03-12,56830.185451388854
2021-03-13,58797.6907986111
2021-03-14,60462.62000000001
2021-03-15,57514.05829861111
2021-03-16,55341.981423611134
2021-03-17,56159.15361111107
2021-03-18,58471.58861111108
2021-03-19,58276.20982638886
2021-03-20,58775.816354166665
2021-03-21,57319.586076388936
2021-03-22,56782.72635416668
2021-03-23,54704.460555555546
2021-03-24,55128.865590277725
2021-03-25,52120.72368055554
2021-03-26,53248.01149305553
2021-03-27,55192.02968749995
2021-03-28,55831.84079861108
2021-03-29,56911.59722222218
2021-03-30,58350.31371527781
2021-03-31,58709.59371527777
2021-04-01,58873.49239583333
2021-04-02,59268.405520833316
2021-04-03,58934.28177083332
2021-04-04,57729.26961805555
2021-04-05,58095.921562500036
2021-04-06,58461.70868055556
2021-04-07,56970.999374999985
2021-04-08,57184.33378472222
2021-04-09,58208.22642361109
2021-04-10,59855.460000000014
2021-04-11,59779.35048611109
2021-04-12,60092.3360763889
2021-04-13,62179.49656249998
2021-04-14,63449.369652777765
2021-04-15,62919.63048611112
2021-04-16,61753.42916666666
2021-04-17,61330.35763888891
2021-04-18,56105.30722222224
2021-04-19,56403.59170138888
2021-04-20,55530.598437499975
2021-04-21,55443.71322916668
2021-04-22,53795.194305555524
2021-04-23,49880.11947916664
2021-04-24,50079.74034722224
2021-04-25,49658.78774305554
2021-04-26,53042.956840277744
2021-04-27,54609.19548611109
2021-04-28,54801.539618055554
2021-04-29,53888.137986111135
2021-04-30,55303.26649305553
2021-05-01,57807.62895833333
2021-05-02,56670.954861111095
2021-05-03,57925.29177083333
2021-05-04,55291.732604166675
2021-05-05,55909.68402777776
2021-05-06,56981.8976736111
2021-05-07,56832.01965277781
2021-05-08,58555.784965277766
2021-05-09,57988.571701388886
2021-05-10,57759.345520833354
2021-05-11,55870.805486111116
2021-05-12,55916.560034722235
2021-05-13,49838.08937499998
2021-05-14,50195.760729166686
2021-05-15,48838.889062500006
2021-05-16,47703.45840277777
2021-05-17,44290.809270833335
2021-05-18,44193.396284722236
2021-05-19,39124.005729166645
2021-05-20,39869.23340277778
2021-05-21,39109.67093749999
2021-05-22,37506.08017361111
2021-05-23,35050.82017361113
2021-05-24,37027.93840277777
2021-05-25,38074.77357638887
2021-05-26,39266.528402777774
2021-05-27,38804.66076388893
2021-05-28,36609.256597222244
2021-05-29,35250.59034722224
2021-05-30,35484.374513888906
2021-05-31,36161.1128125
2021-06-01,36581.59451388888
2021-06-02,37278.12482638888
2021-06-03,38538.57878472223
2021-06-04,37095.13357638887
2021-06-05,36594.77145833335
2021-06-06,35963.92454861112
2021-06-07,35884.56326388889
2021-06-08,32885.063993055555
2021-06-09,34880.983749999985
2021-06-10,37000.401145833326
2021-06-11,36998.127986111074
2021-06-12,35717.31989583335
2021-06-13,36395.08631944444
2021-06-14,39678.317430555595
2021-06-15,40213.70499999999
2021-06-16,39416.65041666667
2021-06-17,38611.160173611104
2021-06-18,36991.79062499995
2021-06-19,35757.89288194441
2021-06-20,35063.912604166646
2021-06-21,33124.91729166666
2021-06-22,31999.928784722255
2021-06-23,33754.60538194447
2021-06-24,33753.50027777774
2021-06-25,33369.014236111114
2021-06-26,31484.640347222197
2021-06-27,33056.34329861111
2021-06-28,34469.11368055554
2021-06-29,35556.20684027775
2021-06-30,34923.38652777777
2021-07-01,33721.410347222234
2021-07-02,33291.00138888889
2021-07-03,34307.77496527781
2021-07-04,35282.240729166646
2021-07-05,34094.50173611107
2021-07-06,34160.89635416667
2021-07-07,34558.9256597222
2021-07-08,32897.593124999985
2021-07-09,33173.63440972222
2021-07-10,33705.55878472223
2021-07-11,33798.816458333335
2021-07-12,33695.89590277777
2021-07-13,32846.50701388888
2021-07-14,32485.11906250001
2021-07-15,32095.861493055567
2021-07-16,31749.284826388888
2021-07-17,31559.51993055555
2021-07-18,31772.3940625
2021-07-19,31173.976423611082
2021-07-20,29833.962222222213
2021-07-21,31198.70128472221
2021-07-22,32135.195486111115
2021-07-23,32491.327986111093
2021-07-24,33882.70218750003
2021-07-25,34392.90402777775
2021-07-26,38320.26052083334
2021-07-27,37696.704652777786
2021-07-28,39877.721006944455
2021-07-29,39861.15753472227
2021-07-30,39644.744305555556
2021-07-31,41640.80749999997
2021-08-01,41483.54249999999
2021-08-02,39598.19100694443
2021-08-03,38455.7490625
2021-08-04,38709.659340277794
2021-08-05,39422.853854166664
2021-08-06,41367.99590277777
2021-08-07,43571.6965972222
2021-08-08,44351.73111111109
2021-08-09,44905.250347222216
2021-08-10,45603.09201388893
2021-08-11,46086.24468750002
2021-08-12,44930.62968749999
2021-08-13,46210.55368055554
2021-08-14,47120.476944444425
2021-08-15,46445.05163194441
2021-08-16,46921.49677083332
2021-08-17,45964.99611111112
2021-08-18,45137.547569444425
2021-08-19,45213.066770833306
2021-08-20,47778.13204861109
2021-08-21,49043.35270833332
2021-08-22,48903.53965277777
2021-08-23,49887.810972222265
2021-08-24,48909.69239583329
2021-08-25,48260.757361111064
2021-08-26,47348.79739583335
2021-08-27,47740.978576388865
2021-08-28,48898.33027777779
2021-08-29,48666.188333333324
2021-08-30,48083.387638888926
2021-08-31,47302.87878472222
2021-09-01,47682.78753472222
2021-09-02,49663.78107638895
2021-09-03,49909.425520833334
2021-09-04,50072.28149305556
2021-09-05,50360.98506944443
2021-09-06,51791.17975694444
2021-09-07,49952.369097222225
2021-09-08,46291.61145833332
2021-09-09,46422.57465277778
2021-09-10,45916.54725694448
