Date,Value
2010-03-29,0
2010-03-30,0
2010-03-31,0
2010-04-01,0
2010-04-02,0
2010-04-03,0
2010-04-04,0
2010-04-05,0
2010-04-06,0
2010-04-07,0
2010-04-08,0
2010-04-09,0
2010-04-10,0
2010-04-11,0
2010-04-12,0
2010-04-13,0
2010-04-14,0
2010-04-15,0
2010-04-16,0
2010-04-17,0
2010-04-18,0
2010-04-19,0
2010-04-20,0
2010-04-21,0
2010-04-22,0
2010-04-23,0
2010-04-24,0
2010-04-25,0
2010-04-26,0
2010-04-27,0
2010-04-28,0
2010-04-29,0
2010-04-30,0
2010-05-01,0
2010-05-02,0
2010-05-03,0
2010-05-04,0
2010-05-05,0
2010-05-06,0
2010-05-07,0
2010-05-08,0
2010-05-09,0
2010-05-10,0
2010-05-11,0
2010-05-12,0
2010-05-13,0
2010-05-14,0
2010-05-15,0
2010-05-16,0
2010-05-17,0
2010-05-18,0
2010-05-19,0
2010-05-20,0
2010-05-21,0
2010-05-22,0
2010-05-23,0
2010-05-24,0
2010-05-25,0
2010-05-26,0
2010-05-27,2
2010-05-28,0
2010-05-29,0
2010-05-30,0
2010-05-31,0
2010-06-01,0
2010-06-02,0
2010-06-03,0
2010-06-04,0
2010-06-05,0
2010-06-06,0
2010-06-07,0
2010-06-08,0
2010-06-09,0
2010-06-10,0
2010-06-11,0
2010-06-12,0
2010-06-13,0
2010-06-14,0
2010-06-15,0
2010-06-16,0
2010-06-17,0
2010-06-18,0
2010-06-19,0
2010-06-20,0
2010-06-21,0
2010-06-22,0
2010-06-23,0
2010-06-24,0
2010-06-25,0
2010-06-26,0
2010-06-27,0
2010-06-28,0
2010-06-29,0
2010-06-30,0
2010-07-01,0
2010-07-02,0
2010-07-03,0
2010-07-04,0
2010-07-05,2
2010-07-06,0
2010-07-07,0
2010-07-08,0
2010-07-09,0
2010-07-10,0
2010-07-11,0
2010-07-12,0
2010-07-13,0
2010-07-14,0
2010-07-15,0
2010-07-16,0
2010-07-17,0
2010-07-18,0
2010-07-19,0
2010-07-20,0
2010-07-21,0
2010-07-22,0
2010-07-23,0
2010-07-24,0
2010-07-25,0
2010-07-26,0
2010-07-27,0
2010-07-28,0
2010-07-29,0
2010-07-30,0
2010-07-31,0
2010-08-01,0
2010-08-02,0
2010-08-03,0
2010-08-04,0
2010-08-05,0
2010-08-06,0
2010-08-07,0
2010-08-08,0
2010-08-09,0
2010-08-10,0
2010-08-11,0
2010-08-12,0
2010-08-13,0
2010-08-14,0
2010-08-15,0
2010-08-16,0
2010-08-17,0
2010-08-18,0
2010-08-19,0
2010-08-20,0
2010-08-21,0
2010-08-22,0
2010-08-23,0
2010-08-24,0
2010-08-25,0
2010-08-26,0
2010-08-27,0
2010-08-28,0
2010-08-29,0
2010-08-30,0
2010-08-31,0
2010-09-01,0
2010-09-02,0
2010-09-03,0
2010-09-04,0
2010-09-05,0
2010-09-06,0
2010-09-07,0
2010-09-08,0
2010-09-09,0
2010-09-10,0
2010-09-11,0
2010-09-12,0
2010-09-13,0
2010-09-14,0
2010-09-15,0
2010-09-16,0
2010-09-17,0
2010-09-18,0
2010-09-19,0
2010-09-20,0
2010-09-21,0
2010-09-22,0
2010-09-23,0
2010-09-24,0
2010-09-25,0
2010-09-26,0
2010-09-27,0
2010-09-28,0
2010-09-29,0
2010-09-30,0
2010-10-01,0
2010-10-02,0
2010-10-03,0
2010-10-04,0
2010-10-05,0
2010-10-06,0
2010-10-07,0
2010-10-08,0
2010-10-09,0
2010-10-10,0
2010-10-11,0
2010-10-12,0
2010-10-13,0
2010-10-14,0
2010-10-15,0
2010-10-16,1
2010-10-17,0
2010-10-18,7
2010-10-19,0
2010-10-20,0
2010-10-21,0
2010-10-22,10
2010-10-23,0
2010-10-24,0
2010-10-25,0
2010-10-26,0
2010-10-27,0
2010-10-28,0
2010-10-29,6
2010-10-30,0
2010-10-31,0
2010-11-01,0
2010-11-02,0
2010-11-03,1
2010-11-04,0
2010-11-05,0
2010-11-06,1
2010-11-07,55
2010-11-08,6
2010-11-09,0
2010-11-10,0
2010-11-11,0
2010-11-12,0
2010-11-13,0
2010-11-14,0
2010-11-15,0
2010-11-16,0
2010-11-17,7
2010-11-18,0
2010-11-19,0
2010-11-20,2
2010-11-21,0
2010-11-22,0
2010-11-23,1
2010-11-24,0
2010-11-25,0
2010-11-26,0
2010-11-27,0
2010-11-28,0
2010-11-29,0
2010-11-30,0
2010-12-01,0
2010-12-02,0
2010-12-03,0
2010-12-04,0
2010-12-05,213
2010-12-06,0
2010-12-07,0
2010-12-08,0
2010-12-09,0
2010-12-10,0
2010-12-11,0
2010-12-12,0
2010-12-13,0
2010-12-14,0
2010-12-15,0
2010-12-16,0
2010-12-17,0
2010-12-18,0
2010-12-19,0
2010-12-20,0
2010-12-21,0
2010-12-22,0
2010-12-23,0
2010-12-24,0
2010-12-25,0
2010-12-26,0
2010-12-27,0
2010-12-28,0
2010-12-29,0
2010-12-30,2
2010-12-31,0
2011-01-01,0
2011-01-02,0
2011-01-03,0
2011-01-04,0
2011-01-05,0
2011-01-06,0
2011-01-07,0
2011-01-08,0
2011-01-09,0
2011-01-10,0
2011-01-11,0
2011-01-12,0
2011-01-13,0
2011-01-14,1
2011-01-15,1
2011-01-16,0
2011-01-17,0
2011-01-18,0
2011-01-19,0
2011-01-20,0
2011-01-21,0
2011-01-22,0
2011-01-23,0
2011-01-24,0
2011-01-25,0
2011-01-26,0
2011-01-27,0
2011-01-28,0
2011-01-29,0
2011-01-30,0
2011-01-31,0
2011-02-01,11
2011-02-02,0
2011-02-03,0
2011-02-04,0
2011-02-05,0
2011-02-06,0
2011-02-07,0
2011-02-08,0
2011-02-09,1
2011-02-10,0
2011-02-11,0
2011-02-12,1
2011-02-13,0
2011-02-14,0
2011-02-15,0
2011-02-16,0
2011-02-17,0
2011-02-18,1
2011-02-19,0
2011-02-20,0
2011-02-21,0
2011-02-22,0
2011-02-23,0
2011-02-24,0
2011-02-25,0
2011-02-26,0
2011-02-27,0
2011-02-28,0
2011-03-01,0
2011-03-02,0
2011-03-03,0
2011-03-04,1
2011-03-05,0
2011-03-06,0
2011-03-07,0
2011-03-08,0
2011-03-09,0
2011-03-10,0
2011-03-11,0
2011-03-12,0
2011-03-13,0
2011-03-14,0
2011-03-15,0
2011-03-16,0
2011-03-17,0
2011-03-18,0
2011-03-19,0
2011-03-20,0
2011-03-21,0
2011-03-22,0
2011-03-23,0
2011-03-24,23
2011-03-25,0
2011-03-26,0
2011-03-27,0
2011-03-28,0
2011-03-29,0
2011-03-30,0
2011-03-31,0
2011-04-01,0
2011-04-02,0
2011-04-03,0
2011-04-04,0
2011-04-05,1
2011-04-06,0
2011-04-07,0
2011-04-08,1
2011-04-09,2
2011-04-10,0
2011-04-11,0
2011-04-12,0
2011-04-13,0
2011-04-14,0
2011-04-15,0
2011-04-16,1
2011-04-17,0
2011-04-18,0
2011-04-19,0
2011-04-20,0
2011-04-21,0
2011-04-22,0
2011-04-23,0
2011-04-24,1
2011-04-25,0
2011-04-26,0
2011-04-27,0
2011-04-28,2
2011-04-29,0
2011-04-30,8
2011-05-01,0
2011-05-02,0
2011-05-03,0
2011-05-04,0
2011-05-05,0
2011-05-06,0
2011-05-07,0
2011-05-08,0
2011-05-09,0
2011-05-10,0
2011-05-11,0
2011-05-12,0
2011-05-13,5
2011-05-14,0
2011-05-15,0
2011-05-16,6
2011-05-17,1
2011-05-18,2
2011-05-19,0
2011-05-20,2
2011-05-21,0
2011-05-22,0
2011-05-23,1
2011-05-24,1
2011-05-25,0
2011-05-26,2
2011-05-27,0
2011-05-28,0
2011-05-29,0
2011-05-30,3
2011-05-31,1
2011-06-01,564
2011-06-02,8
2011-06-03,9
2011-06-04,1
2011-06-05,2
2011-06-06,775
2011-06-07,1
2011-06-08,3
2011-06-09,2
2011-06-10,16
2011-06-11,15
2011-06-12,48
2011-06-13,0
2011-06-14,2
2011-06-15,7
2011-06-16,2
2011-06-17,4
2011-06-18,0
2011-06-19,3
2011-06-20,2
2011-06-21,1
2011-06-22,5
2011-06-23,1
2011-06-24,0
2011-06-25,0
2011-06-26,0
2011-06-27,0
2011-06-28,0
2011-06-29,1
2011-06-30,0
2011-07-01,0
2011-07-02,0
2011-07-03,1
2011-07-04,4
2011-07-05,3
2011-07-06,0
2011-07-07,1
2011-07-08,0
2011-07-09,0
2011-07-10,0
2011-07-11,4
2011-07-12,0
2011-07-13,0
2011-07-14,1
2011-07-15,1
2011-07-16,0
2011-07-17,0
2011-07-18,0
2011-07-19,0
2011-07-20,0
2011-07-21,0
2011-07-22,1
2011-07-23,0
2011-07-24,0
2011-07-25,0
2011-07-26,1
2011-07-27,0
2011-07-28,0
2011-07-29,7
2011-07-30,0
2011-07-31,0
2011-08-01,0
2011-08-02,0
2011-08-03,2
2011-08-04,2
2011-08-05,0
2011-08-06,4
2011-08-07,3
2011-08-08,2
2011-08-09,0
2011-08-10,0
2011-08-11,0
2011-08-12,2
2011-08-13,0
2011-08-14,0
2011-08-15,6
2011-08-16,0
2011-08-17,0
2011-08-18,0
2011-08-19,1
2011-08-20,7
2011-08-21,0
2011-08-22,3
2011-08-23,1
2011-08-24,0
2011-08-25,0
2011-08-26,0
2011-08-27,0
2011-08-28,0
2011-08-29,0
2011-08-30,0
2011-08-31,0
2011-09-01,0
2011-09-02,0
2011-09-03,1
2011-09-04,0
2011-09-05,0
2011-09-06,0
2011-09-07,0
2011-09-08,0
2011-09-09,2
2011-09-10,0
2011-09-11,0
2011-09-12,0
2011-09-13,2
2011-09-14,0
2011-09-15,0
2011-09-16,0
2011-09-17,0
2011-09-18,1
2011-09-19,0
2011-09-20,4
2011-09-21,0
2011-09-22,0
2011-09-23,0
2011-09-24,0
2011-09-25,0
2011-09-26,0
2011-09-27,0
2011-09-28,0
2011-09-29,0
2011-09-30,1
2011-10-01,0
2011-10-02,0
2011-10-03,0
2011-10-04,0
2011-10-05,0
2011-10-06,0
2011-10-07,3
2011-10-08,0
2011-10-09,0
2011-10-10,0
2011-10-11,0
2011-10-12,0
2011-10-13,0
2011-10-14,0
2011-10-15,1
2011-10-16,0
2011-10-17,0
2011-10-18,2
2011-10-19,0
2011-10-20,2
2011-10-21,0
2011-10-22,0
2011-10-23,1
2011-10-24,0
2011-10-25,16080
2011-10-26,0
2011-10-27,0
2011-10-28,0
2011-10-29,0
2011-10-30,0
2011-10-31,1
2011-11-01,0
2011-11-02,0
2011-11-03,0
2011-11-04,0
2011-11-05,1
2011-11-06,1
2011-11-07,2
2011-11-08,0
2011-11-09,0
2011-11-10,1
2011-11-11,0
2011-11-12,0
2011-11-13,0
2011-11-14,1
2011-11-15,0
2011-11-16,0
2011-11-17,0
2011-11-18,0
2011-11-19,3
2011-11-20,1
2011-11-21,0
2011-11-22,0
2011-11-23,0
2011-11-24,4
2011-11-25,0
2011-11-26,0
2011-11-27,2
2011-11-28,0
2011-11-29,1
2011-11-30,0
2011-12-01,0
2011-12-02,0
2011-12-03,1
2011-12-04,0
2011-12-05,0
2011-12-06,6
2011-12-07,17
2011-12-08,4
2011-12-09,2
2011-12-10,4
2011-12-11,3
2011-12-12,8
2011-12-13,2
2011-12-14,1
2011-12-15,2
2011-12-16,3
2011-12-17,4
2011-12-18,0
2011-12-19,2
2011-12-20,1
2011-12-21,0
2011-12-22,4
2011-12-23,1
2011-12-24,2
2011-12-25,1
2011-12-26,5
2011-12-27,1
2011-12-28,0
2011-12-29,0
2011-12-30,0
2011-12-31,0
2012-01-01,0
2012-01-02,2
2012-01-03,1
2012-01-04,4
2012-01-05,1
2012-01-06,1
2012-01-07,7
2012-01-08,2
2012-01-09,0
2012-01-10,1
2012-01-11,2
2012-01-12,7
2012-01-13,12
2012-01-14,12
2012-01-15,20
2012-01-16,10
2012-01-17,14
2012-01-18,0
2012-01-19,0
2012-01-20,0
2012-01-21,1
2012-01-22,0
2012-01-23,0
2012-01-24,1
2012-01-25,0
2012-01-26,0
2012-01-27,5
2012-01-28,0
2012-01-29,0
2012-01-30,0
2012-01-31,1
2012-02-01,3
2012-02-02,1
2012-02-03,9
2012-02-04,0
2012-02-05,0
2012-02-06,0
2012-02-07,0
2012-02-08,1
2012-02-09,0
2012-02-10,0
2012-02-11,1
2012-02-12,0
2012-02-13,0
2012-02-14,0
2012-02-15,1
2012-02-16,0
2012-02-17,1
2012-02-18,0
2012-02-19,0
2012-02-20,0
2012-02-21,0
2012-02-22,0
2012-02-23,0
2012-02-24,0
2012-02-25,0
2012-02-26,0
2012-02-27,0
2012-02-28,0
2012-02-29,0
2012-03-01,0
2012-03-02,0
2012-03-03,0
2012-03-04,0
2012-03-05,0
2012-03-06,2
2012-03-07,0
2012-03-08,0
2012-03-09,0
2012-03-10,0
2012-03-11,0
2012-03-12,0
2012-03-13,0
2012-03-14,0
2012-03-15,0
2012-03-16,0
2012-03-17,0
2012-03-18,0
2012-03-19,0
2012-03-20,0
2012-03-21,1
2012-03-22,0
2012-03-23,0
2012-03-24,0
2012-03-25,3
2012-03-26,1
2012-03-27,2
2012-03-28,0
2012-03-29,1
2012-03-30,0
2012-03-31,1
2012-04-01,2
2012-04-02,1
2012-04-03,0
2012-04-04,1
2012-04-05,0
2012-04-06,1
2012-04-07,1
2012-04-08,1
2012-04-09,0
2012-04-10,1
2012-04-11,0
2012-04-12,0
2012-04-13,2
2012-04-14,0
2012-04-15,1
2012-04-16,0
2012-04-17,1
2012-04-18,0
2012-04-19,0
2012-04-20,0
2012-04-21,1
2012-04-22,0
2012-04-23,0
2012-04-24,1
2012-04-25,1
2012-04-26,0
2012-04-27,36
2012-04-28,0
2012-04-29,1
2012-04-30,0
2012-05-01,4
2012-05-02,0
2012-05-03,0
2012-05-04,0
2012-05-05,0
2012-05-06,0
2012-05-07,0
2012-05-08,0
2012-05-09,0
2012-05-10,0
2012-05-11,0
2012-05-12,0
2012-05-13,0
2012-05-14,0
2012-05-15,0
2012-05-16,0
2012-05-17,0
2012-05-18,0
2012-05-19,0
2012-05-20,0
2012-05-21,0
2012-05-22,0
2012-05-23,0
2012-05-24,0
2012-05-25,0
2012-05-26,0
2012-05-27,0
2012-05-28,0
2012-05-29,0
2012-05-30,1
2012-05-31,0
2012-06-01,0
2012-06-02,0
2012-06-03,0
2012-06-04,0
2012-06-05,0
2012-06-06,0
2012-06-07,0
2012-06-08,0
2012-06-09,0
2012-06-10,0
2012-06-11,0
2012-06-12,2
2012-06-13,3
2012-06-14,0
2012-06-15,0
2012-06-16,2
2012-06-17,0
2012-06-18,0
2012-06-19,0
2012-06-20,0
2012-06-21,1
2012-06-22,2
2012-06-23,1
2012-06-24,3
2012-06-25,1
2012-06-26,0
2012-06-27,0
2012-06-28,1
2012-06-29,0
2012-06-30,3
2012-07-01,0
2012-07-02,0
2012-07-03,0
2012-07-04,11
2012-07-05,1
2012-07-06,0
2012-07-07,0
2012-07-08,0
2012-07-09,0
2012-07-10,0
2012-07-11,1
2012-07-12,0
2012-07-13,1
2012-07-14,13
2012-07-15,0
2012-07-16,1
2012-07-17,0
2012-07-18,1
2012-07-19,0
2012-07-20,0
2012-07-21,1
2012-07-22,0
2012-07-23,0
2012-07-24,5
2012-07-25,0
2012-07-26,1
2012-07-27,0
2012-07-28,0
2012-07-29,0
2012-07-30,0
2012-07-31,0
2012-08-01,0
2012-08-02,0
2012-08-03,0
2012-08-04,0
2012-08-05,2
2012-08-06,0
2012-08-07,0
2012-08-08,1
2012-08-09,2
2012-08-10,0
2012-08-11,0
2012-08-12,2
2012-08-13,0
2012-08-14,24
2012-08-15,0
2012-08-16,0
2012-08-17,0
2012-08-18,0
2012-08-19,0
2012-08-20,1
2012-08-21,1
2012-08-22,0
2012-08-23,1
2012-08-24,0
2012-08-25,0
2012-08-26,1
2012-08-27,0
2012-08-28,0
2012-08-29,0
2012-08-30,0
2012-08-31,0
2012-09-01,0
2012-09-02,0
2012-09-03,0
2012-09-04,0
2012-09-05,5
2012-09-06,1
2012-09-07,0
2012-09-08,0
2012-09-09,1
2012-09-10,1
2012-09-11,0
2012-09-12,0
2012-09-13,0
2012-09-14,1
2012-09-15,0
2012-09-16,0
2012-09-17,0
2012-09-18,0
2012-09-19,0
2012-09-20,0
2012-09-21,1
2012-09-22,0
2012-09-23,0
2012-09-24,0
2012-09-25,0
2012-09-26,1
2012-09-27,0
2012-09-28,0
2012-09-29,0
2012-09-30,0
2012-10-01,0
2012-10-02,0
2012-10-03,0
2012-10-04,0
2012-10-05,0
2012-10-06,0
2012-10-07,0
2012-10-08,1
2012-10-09,0
2012-10-10,1
2012-10-11,0
2012-10-12,0
2012-10-13,3
2012-10-14,1
2012-10-15,0
2012-10-16,0
2012-10-17,12
2012-10-18,0
2012-10-19,1
2012-10-20,0
2012-10-21,1
2012-10-22,0
2012-10-23,0
2012-10-24,0
2012-10-25,0
2012-10-26,27
2012-10-27,1
2012-10-28,0
2012-10-29,0
2012-10-30,0
2012-10-31,1
2012-11-01,1
2012-11-02,0
2012-11-03,3
2012-11-04,0
2012-11-05,0
2012-11-06,2
2012-11-07,3
2012-11-08,1
2012-11-09,4
2012-11-10,2
2012-11-11,0
2012-11-12,0
2012-11-13,0
2012-11-14,0
2012-11-15,2
2012-11-16,8
2012-11-17,4
2012-11-18,6
2012-11-19,4
2012-11-20,2
2012-11-21,3
2012-11-22,0
2012-11-23,3
2012-11-24,1
2012-11-25,2
2012-11-26,1
2012-11-27,0
2012-11-28,5
2012-11-29,0
2012-11-30,0
2012-12-01,1
2012-12-02,0
2012-12-03,1
2012-12-04,3
2012-12-05,0
2012-12-06,0
2012-12-07,2
2012-12-08,2
2012-12-09,2
2012-12-10,1
2012-12-11,1
2012-12-12,1
2012-12-13,1
2012-12-14,4
2012-12-15,4
2012-12-16,3
2012-12-17,3
2012-12-18,2
2012-12-19,3
2012-12-20,10
2012-12-21,0
2012-12-22,0
2012-12-23,0
2012-12-24,1
2012-12-25,0
2012-12-26,1
2012-12-27,3
2012-12-28,0
2012-12-29,1
2012-12-30,3
2012-12-31,2
2013-01-01,0
2013-01-02,2
2013-01-03,8
2013-01-04,1
2013-01-05,0
2013-01-06,1
2013-01-07,7
2013-01-08,3
2013-01-09,1
2013-01-10,1
2013-01-11,0
2013-01-12,1
2013-01-13,2
2013-01-14,0
2013-01-15,1
2013-01-16,0
2013-01-17,2
2013-01-18,0
2013-01-19,0
2013-01-20,0
2013-01-21,1
2013-01-22,0
2013-01-23,3
2013-01-24,4
2013-01-25,2
2013-01-26,0
2013-01-27,0
2013-01-28,4
2013-01-29,1
2013-01-30,3
2013-01-31,5
2013-02-01,1
2013-02-02,0
2013-02-03,4
2013-02-04,3
2013-02-05,1
2013-02-06,3
2013-02-07,1
2013-02-08,2
2013-02-09,1
2013-02-10,3
2013-02-11,78
2013-02-12,3
2013-02-13,1
2013-02-14,7
2013-02-15,2
2013-02-16,5
2013-02-17,0
2013-02-18,1
2013-02-19,4
2013-02-20,3
2013-02-21,4
2013-02-22,9
2013-02-23,0
2013-02-24,1
2013-02-25,5
2013-02-26,3
2013-02-27,4
2013-02-28,6
2013-03-01,1
2013-03-02,0
2013-03-03,1
2013-03-04,4
2013-03-05,10
2013-03-06,9
2013-03-07,5
2013-03-08,2
2013-03-09,3
2013-03-10,8
2013-03-11,5
2013-03-12,9
2013-03-13,4
2013-03-14,6
2013-03-15,2
2013-03-16,8
2013-03-17,2
2013-03-18,694
2013-03-19,4
2013-03-20,7
2013-03-21,11
2013-03-22,7
2013-03-23,8
2013-03-24,9
2013-03-25,7
2013-03-26,3
2013-03-27,5
2013-03-28,11
2013-03-29,6
2013-03-30,9
2013-03-31,5
2013-04-01,28
2013-04-02,20
2013-04-03,60
2013-04-04,31
2013-04-05,23
2013-04-06,11
2013-04-07,32
2013-04-08,24
2013-04-09,66
2013-04-10,175
2013-04-11,66
2013-04-12,62
2013-04-13,51
2013-04-14,9
2013-04-15,20
2013-04-16,15
2013-04-17,24
2013-04-18,27
2013-04-19,295
2013-04-20,5
2013-04-21,8
2013-04-22,19
2013-04-23,9
2013-04-24,15
2013-04-25,11
2013-04-26,10
2013-04-27,14
2013-04-28,12
2013-04-29,8
2013-04-30,21
2013-05-01,17
2013-05-02,26
2013-05-03,10
2013-05-04,4
2013-05-05,7
2013-05-06,9
2013-05-07,17
2013-05-08,9
2013-05-09,10
2013-05-10,27
2013-05-11,1
2013-05-12,1
2013-05-13,16
2013-05-14,14
2013-05-15,12
2013-05-16,21
2013-05-17,7
2013-05-18,14
2013-05-19,9
2013-05-20,14
2013-05-21,10
2013-05-22,16
2013-05-23,24
2013-05-24,22
2013-05-25,21
2013-05-26,20
2013-05-27,26
2013-05-28,15
2013-05-29,13
2013-05-30,16
2013-05-31,6
2013-06-01,14
2013-06-02,7
2013-06-03,9
2013-06-04,10
2013-06-05,7
2013-06-06,11
2013-06-07,16
2013-06-08,2
2013-06-09,22
2013-06-10,10
2013-06-11,33
2013-06-12,20
2013-06-13,11
2013-06-14,6
2013-06-15,13
2013-06-16,9
2013-06-17,17
2013-06-18,6
2013-06-19,10
2013-06-20,5
2013-06-21,4
2013-06-22,4
2013-06-23,19
2013-06-24,3
2013-06-25,6
2013-06-26,3
2013-06-27,7
2013-06-28,4
2013-06-29,8
2013-06-30,2
2013-07-01,2
2013-07-02,33
2013-07-03,12
2013-07-04,15
2013-07-05,22
2013-07-06,17
2013-07-07,16
2013-07-08,10
2013-07-09,5
2013-07-10,13
2013-07-11,16
2013-07-12,35
2013-07-13,8
2013-07-14,14
2013-07-15,17
2013-07-16,27
2013-07-17,15
2013-07-18,18
2013-07-19,18
2013-07-20,37
2013-07-21,10
2013-07-22,8
2013-07-23,44
2013-07-24,24
2013-07-25,5
2013-07-26,10
2013-07-27,9
2013-07-28,7
2013-07-29,5
2013-07-30,4
2013-07-31,10
2013-08-01,9
2013-08-02,10
2013-08-03,9
2013-08-04,14
2013-08-05,12
2013-08-06,7
2013-08-07,8
2013-08-08,12
2013-08-09,14
2013-08-10,7
2013-08-11,7
2013-08-12,3
2013-08-13,9
2013-08-14,14
2013-08-15,17
2013-08-16,55
2013-08-17,8
2013-08-18,9
2013-08-19,16
2013-08-20,17
2013-08-21,40
2013-08-22,4
2013-08-23,16
2013-08-24,8
2013-08-25,9
2013-08-26,7
2013-08-27,16
2013-08-28,40
2013-08-29,54
2013-08-30,14
2013-08-31,7
2013-09-01,7
2013-09-02,13
2013-09-03,37
2013-09-04,13
2013-09-05,9
2013-09-06,12
2013-09-07,3
2013-09-08,10
2013-09-09,3
2013-09-10,7
2013-09-11,2
2013-09-12,9
2013-09-13,3
2013-09-14,6
2013-09-15,15
2013-09-16,13
2013-09-17,7
2013-09-18,4
2013-09-19,12
2013-09-20,13
2013-09-21,5
2013-09-22,11
2013-09-23,7
2013-09-24,6
2013-09-25,13
2013-09-26,14
2013-09-27,6
2013-09-28,11
2013-09-29,5
2013-09-30,13
2013-10-01,13
2013-10-02,33
2013-10-03,15
2013-10-04,22
2013-10-05,8
2013-10-06,6
2013-10-07,8
2013-10-08,10
2013-10-09,8
2013-10-10,10
2013-10-11,18
2013-10-12,11
2013-10-13,7
2013-10-14,18
2013-10-15,12
2013-10-16,13
2013-10-17,13
2013-10-18,15
2013-10-19,41
2013-10-20,29
2013-10-21,31
2013-10-22,30
2013-10-23,75
2013-10-24,62
2013-10-25,17
2013-10-26,12
2013-10-27,17
2013-10-28,27
2013-10-29,41
2013-10-30,54
2013-10-31,42
2013-11-01,24
2013-11-02,22
2013-11-03,15
2013-11-04,34
2013-11-05,78
2013-11-06,40
2013-11-07,23
2013-11-08,68
2013-11-09,181
2013-11-10,58
2013-11-11,62
2013-11-12,35
2013-11-13,37
2013-11-14,39
2013-11-15,48
2013-11-16,20
2013-11-17,64
2013-11-18,223
2013-11-19,108
2013-11-20,55
2013-11-21,167
2013-11-22,106
2013-11-23,86
2013-11-24,31
2013-11-25,63
2013-11-26,32
2013-11-27,159
2013-11-28,167
2013-11-29,159
2013-11-30,41
2013-12-01,99
2013-12-02,123
2013-12-03,114
2013-12-04,407
2013-12-05,313
2013-12-06,238
2013-12-07,186
2013-12-08,177
2013-12-09,201
2013-12-10,223
2013-12-11,338
2013-12-12,175
2013-12-13,252
2013-12-14,286
2013-12-15,234
2013-12-16,124
2013-12-17,283
2013-12-18,232
2013-12-19,145
2013-12-20,195
2013-12-21,154
2013-12-22,135
2013-12-23,121
2013-12-24,131
2013-12-25,123
2013-12-26,95
2013-12-27,76
2013-12-28,120
2013-12-29,61
2013-12-30,51
2013-12-31,59
2014-01-01,31
2014-01-02,56
2014-01-03,66
2014-01-04,68
2014-01-05,128
2014-01-06,116
2014-01-07,56
2014-01-08,196
2014-01-09,110
2014-01-10,114
2014-01-11,88
2014-01-12,75
2014-01-13,102
2014-01-14,120
2014-01-15,125
2014-01-16,206
2014-01-17,147
2014-01-18,207
2014-01-19,146
2014-01-20,125
2014-01-21,111
2014-01-22,2566
2014-01-23,208
2014-01-24,155
2014-01-25,170
2014-01-26,164
2014-01-27,125
2014-01-28,193
2014-01-29,172
2014-01-30,128
2014-01-31,148
2014-02-01,131
2014-02-02,169
2014-02-03,124
2014-02-04,145
2014-02-05,111
2014-02-06,243
2014-02-07,303
2014-02-08,130
2014-02-09,203
2014-02-10,235
2014-02-11,213
2014-02-12,205
2014-02-13,205
2014-02-14,320
2014-02-15,178
2014-02-16,173
2014-02-17,131
2014-02-18,145
2014-02-19,190
2014-02-20,180
2014-02-21,184
2014-02-22,214
2014-02-23,124
2014-02-24,180
2014-02-25,401
2014-02-26,234
2014-02-27,123
2014-02-28,199
2014-03-01,189
2014-03-02,175
2014-03-03,145
2014-03-04,253
2014-03-05,437
2014-03-06,197
2014-03-07,127
2014-03-08,120
2014-03-09,152
2014-03-10,157
2014-03-11,266
2014-03-12,237
2014-03-13,207
2014-03-14,218
2014-03-15,155
2014-03-16,63
2014-03-17,186
2014-03-18,76
2014-03-19,148
2014-03-20,122
2014-03-21,90
2014-03-22,93
2014-03-23,57
2014-03-24,121
2014-03-25,181
2014-03-26,236
2014-03-27,374
2014-03-28,85
2014-03-29,77
2014-03-30,81
2014-03-31,102
2014-04-01,98
2014-04-02,191
2014-04-03,160
2014-04-04,203
2014-04-05,140
2014-04-06,233
2014-04-07,174
2014-04-08,172
2014-04-09,138
2014-04-10,297
2014-04-11,229
2014-04-12,230
2014-04-13,210
2014-04-14,195
2014-04-15,184
2014-04-16,119
2014-04-17,196
2014-04-18,125
2014-04-19,146
2014-04-20,163
2014-04-21,182
2014-04-22,204
2014-04-23,196
2014-04-24,198
2014-04-25,195
2014-04-26,123
2014-04-27,181
2014-04-28,130
2014-04-29,206
2014-04-30,145
2014-05-01,210
2014-05-02,219
2014-05-03,120
2014-05-04,279
2014-05-05,152
2014-05-06,178
2014-05-07,158
2014-05-08,136
2014-05-09,173
2014-05-10,191
2014-05-11,173
2014-05-12,198
2014-05-13,164
2014-05-14,154
2014-05-15,127
2014-05-16,123
2014-05-17,114
2014-05-18,133
2014-05-19,223
2014-05-20,181
2014-05-21,160
2014-05-22,155
2014-05-23,124
2014-05-24,118
2014-05-25,126
2014-05-26,110
2014-05-27,150
2014-05-28,115
2014-05-29,228
2014-05-30,194
2014-05-31,148
2014-06-01,209
2014-06-02,172
2014-06-03,264
2014-06-04,181
2014-06-05,121
2014-06-06,123
2014-06-07,179
2014-06-08,108
2014-06-09,169
2014-06-10,88
2014-06-11,143
2014-06-12,132
2014-06-13,91
2014-06-14,118
2014-06-15,118
2014-06-16,117
2014-06-17,184
2014-06-18,143
2014-06-19,139
2014-06-20,138
2014-06-21,133
2014-06-22,108
2014-06-23,159
2014-06-24,161
2014-06-25,142
2014-06-26,146
2014-06-27,107
2014-06-28,103
2014-06-29,67
2014-06-30,113
2014-07-01,280
2014-07-02,131
2014-07-03,99
2014-07-04,119
2014-07-05,84
2014-07-06,103
2014-07-07,99
2014-07-08,186
2014-07-09,160
2014-07-10,111
2014-07-11,102
2014-07-12,113
2014-07-13,107
2014-07-14,107
2014-07-15,146
2014-07-16,150
2014-07-17,141
2014-07-18,461
2014-07-19,268
2014-07-20,158
2014-07-21,148
2014-07-22,201
2014-07-23,160
2014-07-24,198
2014-07-25,145
2014-07-26,132
2014-07-27,142
2014-07-28,157
2014-07-29,151
2014-07-30,95
2014-07-31,144
2014-08-01,103
2014-08-02,101
2014-08-03,122
2014-08-04,115
2014-08-05,109
2014-08-06,150
2014-08-07,152
2014-08-08,141
2014-08-09,122
2014-08-10,101
2014-08-11,132
2014-08-12,166
2014-08-13,131
2014-08-14,185
2014-08-15,182
2014-08-16,110
2014-08-17,78
2014-08-18,195
2014-08-19,134
2014-08-20,149
2014-08-21,218
2014-08-22,212
2014-08-23,307
2014-08-24,315
2014-08-25,218
2014-08-26,175
2014-08-27,199
2014-08-28,154
2014-08-29,173
2014-08-30,174
2014-08-31,158
2014-09-01,205
2014-09-02,260
2014-09-03,244
2014-09-04,261
2014-09-05,186
2014-09-06,158
2014-09-07,183
2014-09-08,253
2014-09-09,315
2014-09-10,136
2014-09-11,135
2014-09-12,170
2014-09-13,181
2014-09-14,191
2014-09-15,151
2014-09-16,233
2014-09-17,149
2014-09-18,1435
2014-09-19,203
2014-09-20,186
2014-09-21,189
2014-09-22,176
2014-09-23,485
2014-09-24,137
2014-09-25,125
2014-09-26,171
2014-09-27,142
2014-09-28,154
2014-09-29,226
2014-09-30,158
2014-10-01,118
2014-10-02,137
2014-10-03,140
2014-10-04,223
2014-10-05,262
2014-10-06,393
2014-10-07,140
2014-10-08,144
2014-10-09,169
2014-10-10,166
2014-10-11,194
2014-10-12,146
2014-10-13,197
2014-10-14,169
2014-10-15,177
2014-10-16,164
2014-10-17,118
2014-10-18,185
2014-10-19,284
2014-10-20,181
2014-10-21,141
2014-10-22,102
2014-10-23,90
2014-10-24,124
2014-10-25,111
2014-10-26,105
2014-10-27,102
2014-10-28,185
2014-10-29,120
2014-10-30,176
2014-10-31,138
2014-11-01,88
2014-11-02,229
2014-11-03,103
2014-11-04,137
2014-11-05,97
2014-11-06,121
2014-11-07,117
2014-11-08,79
2014-11-09,127
2014-11-10,131
2014-11-11,86
2014-11-12,85
2014-11-13,117
2014-11-14,95
2014-11-15,98
2014-11-16,86
2014-11-17,177
2014-11-18,111
2014-11-19,157
2014-11-20,185
2014-11-21,115
2014-11-22,130
2014-11-23,142
2014-11-24,86
2014-11-25,121
2014-11-26,147
2014-11-27,147
2014-11-28,164
2014-11-29,156
2014-11-30,186
2014-12-01,126
2014-12-02,153
2014-12-03,144
2014-12-04,124
2014-12-05,171
2014-12-06,165
2014-12-07,134
2014-12-08,207
2014-12-09,203
2014-12-10,225
2014-12-11,493
2014-12-12,210
2014-12-13,124
2014-12-14,105
2014-12-15,559
2014-12-16,203
2014-12-17,145
2014-12-18,184
2014-12-19,126
2014-12-20,97
2014-12-21,118
2014-12-22,102
2014-12-23,105
2014-12-24,139
2014-12-25,131
2014-12-26,139
2014-12-27,107
2014-12-28,99
2014-12-29,131
2014-12-30,139
2014-12-31,121
2015-01-01,106
2015-01-02,79
2015-01-03,130
2015-01-04,218
2015-01-05,156
2015-01-06,102
2015-01-07,91
2015-01-08,122
2015-01-09,88
2015-01-10,177
2015-01-11,112
2015-01-12,93
2015-01-13,175
2015-01-14,389
2015-01-15,213
2015-01-16,133
2015-01-17,148
2015-01-18,122
2015-01-19,174
2015-01-20,507
2015-01-21,93
2015-01-22,174
2015-01-23,131
2015-01-24,122
2015-01-25,190
2015-01-26,178
2015-01-27,137
2015-01-28,126
2015-01-29,122
2015-01-30,133
2015-01-31,100
2015-02-01,150
2015-02-02,104
2015-02-03,133
2015-02-04,152
2015-02-05,110
2015-02-06,67
2015-02-07,109
2015-02-08,72
2015-02-09,116
2015-02-10,97
2015-02-11,74
2015-02-12,77
2015-02-13,86
2015-02-14,106
2015-02-15,97
2015-02-16,90
2015-02-17,84
2015-02-18,98
2015-02-19,95
2015-02-20,163
2015-02-21,101
2015-02-22,210
2015-02-23,88
2015-02-24,89
2015-02-25,121
2015-02-26,123
2015-02-27,116
2015-02-28,75
2015-03-01,89
2015-03-02,62
2015-03-03,89
2015-03-04,127
2015-03-05,109
2015-03-06,174
2015-03-07,26
2015-03-08,69
2015-03-09,90
2015-03-10,95
2015-03-11,100
2015-03-12,84
2015-03-13,82
2015-03-14,66
2015-03-15,78
2015-03-16,101
2015-03-17,74
2015-03-18,62
2015-03-19,427
2015-03-20,61
2015-03-21,58
2015-03-22,76
2015-03-23,84
2015-03-24,78
2015-03-25,93
2015-03-26,89
2015-03-27,105
2015-03-28,279
2015-03-29,60
2015-03-30,127
2015-03-31,170
2015-04-01,90
2015-04-02,53
2015-04-03,132
2015-04-04,50
2015-04-05,87
2015-04-06,61
2015-04-07,116
2015-04-08,116
2015-04-09,102
2015-04-10,81
2015-04-11,154
2015-04-12,72
2015-04-13,87
2015-04-14,129
2015-04-15,110
2015-04-16,45
2015-04-17,76
2015-04-18,64
2015-04-19,42
2015-04-20,70
2015-04-21,238
2015-04-22,146
2015-04-23,53
2015-04-24,46
2015-04-25,70
2015-04-26,48
2015-04-27,66
2015-04-28,133
2015-04-29,137
2015-04-30,67
2015-05-01,141
2015-05-02,98
2015-05-03,50
2015-05-04,363
2015-05-05,176
2015-05-06,130
2015-05-07,144
2015-05-08,82
2015-05-09,97
2015-05-10,79
2015-05-11,58
2015-05-12,106
2015-05-13,159
2015-05-14,230
2015-05-15,130
2015-05-16,65
2015-05-17,61
2015-05-18,114
2015-05-19,337
2015-05-20,85
2015-05-21,42
2015-05-22,88
2015-05-23,16
2015-05-24,48
2015-05-25,36
2015-05-26,107
2015-05-27,64
2015-05-28,44
2015-05-29,38
2015-05-30,22
2015-05-31,17
2015-06-01,38
2015-06-02,21
2015-06-03,75
2015-06-04,60
2015-06-05,64
2015-06-06,26
2015-06-07,22
2015-06-08,129
2015-06-09,56
2015-06-10,22
2015-06-11,51
2015-06-12,64
2015-06-13,79
2015-06-14,18
2015-06-15,105
2015-06-16,90
2015-06-17,122
2015-06-18,70
2015-06-19,37
2015-06-20,411
2015-06-21,80
2015-06-22,40
2015-06-23,79
2015-06-24,84
2015-06-25,61
2015-06-26,54
2015-06-27,45
2015-06-28,117
2015-06-29,206
2015-06-30,113
2015-07-01,74
2015-07-02,73
2015-07-03,41
2015-07-04,27
2015-07-05,35
2015-07-06,140
2015-07-07,75
2015-07-08,249
2015-07-09,104
2015-07-10,145
2015-07-11,49
2015-07-12,79
2015-07-13,61
2015-07-14,112
2015-07-15,61
2015-07-16,55
2015-07-17,23
2015-07-18,32
2015-07-19,75
2015-07-20,39
2015-07-21,61
2015-07-22,723
2015-07-23,17
2015-07-24,51
2015-07-25,24
2015-07-26,29
2015-07-27,35
2015-07-28,28
2015-07-29,54
2015-07-30,74
2015-07-31,21
2015-08-01,74
2015-08-02,813
2015-08-03,50
2015-08-04,73
2015-08-05,82
2015-08-06,60
2015-08-07,51
2015-08-08,75
2015-08-09,24
2015-08-10,94
2015-08-11,55
2015-08-12,51
2015-08-13,18
2015-08-14,29
2015-08-15,54
2015-08-16,20
2015-08-17,30
2015-08-18,69
2015-08-19,50
2015-08-20,124
2015-08-21,79
2015-08-22,22
2015-08-23,35
2015-08-24,464
2015-08-25,91
2015-08-26,206
2015-08-27,29
2015-08-28,30
2015-08-29,29
2015-08-30,29
2015-08-31,134
2015-09-01,27
2015-09-02,70
2015-09-03,69
2015-09-04,33
2015-09-05,28
2015-09-06,24
2015-09-07,50
2015-09-08,31
2015-09-09,61
2015-09-10,50
2015-09-11,61
2015-09-12,24
2015-09-13,36
2015-09-14,56
2015-09-15,38
2015-09-16,19
2015-09-17,61
2015-09-18,24
2015-09-19,9
2015-09-20,30
2015-09-21,194
2015-09-22,62
2015-09-23,26
2015-09-24,35
2015-09-25,181
2015-09-26,21
2015-09-27,13
2015-09-28,38
2015-09-29,32
2015-09-30,48
2015-10-01,118
2015-10-02,33
2015-10-03,26
2015-10-04,195
2015-10-05,92
2015-10-06,17
2015-10-07,54
2015-10-08,152
2015-10-09,32
2015-10-10,15
2015-10-11,12
2015-10-12,14
2015-10-13,22
2015-10-14,103
2015-10-15,32
2015-10-16,51
2015-10-17,61
2015-10-18,15
2015-10-19,114
2015-10-20,47
2015-10-21,55
2015-10-22,38
2015-10-23,15
2015-10-24,15
2015-10-25,12
2015-10-26,26
2015-10-27,20
2015-10-28,15
2015-10-29,29
2015-10-30,63
2015-10-31,28
2015-11-01,19
2015-11-02,34
2015-11-03,602
2015-11-04,124
2015-11-05,175
2015-11-06,114
2015-11-07,169
2015-11-08,31
2015-11-09,27
2015-11-10,80
2015-11-11,36
2015-11-12,38
2015-11-13,76
2015-11-14,45
2015-11-15,163
2015-11-16,11
2015-11-17,73
2015-11-18,41
2015-11-19,67
2015-11-20,36
2015-11-21,53
2015-11-22,57
2015-11-23,27
2015-11-24,51
2015-11-25,120
2015-11-26,31
2015-11-27,139
2015-11-28,111
2015-11-29,34
2015-11-30,136
2015-12-01,31
2015-12-02,96
2015-12-03,53
2015-12-04,22
2015-12-05,51
2015-12-06,59
2015-12-07,21
2015-12-08,41
2015-12-09,70
2015-12-10,42
2015-12-11,46
2015-12-12,38
2015-12-13,55
2015-12-14,127
2015-12-15,56
2015-12-16,33
2015-12-17,40
2015-12-18,79
2015-12-19,140
2015-12-20,54
2015-12-21,52
2015-12-22,63
2015-12-23,84
2015-12-24,32
2015-12-25,25
2015-12-26,23
2015-12-27,44
2015-12-28,59
2015-12-29,90
2015-12-30,44
2015-12-31,91
2016-01-01,54
2016-01-02,82
2016-01-03,44
2016-01-04,121
2016-01-05,76
2016-01-06,31
2016-01-07,102
2016-01-08,73
2016-01-09,78
2016-01-10,72
2016-01-11,69
2016-01-12,123
2016-01-13,132
2016-01-14,126
2016-01-15,399
2016-01-16,142
2016-01-17,55
2016-01-18,65
2016-01-19,101
2016-01-20,73
2016-01-21,74
2016-01-22,77
2016-01-23,57
2016-01-24,53
2016-01-25,55
2016-01-26,136
2016-01-27,43
2016-01-28,102
2016-01-29,113
2016-01-30,99
2016-01-31,67
2016-02-01,77
2016-02-02,97
2016-02-03,79
2016-02-04,32
2016-02-05,95
2016-02-06,64
2016-02-07,57
2016-02-08,80
2016-02-09,55
2016-02-10,96
2016-02-11,62
2016-02-12,95
2016-02-13,40
2016-02-14,78
2016-02-15,220
2016-02-16,99
2016-02-17,47
2016-02-18,59
2016-02-19,73
2016-02-20,76
2016-02-21,67
2016-02-22,153
2016-02-23,61
2016-02-24,130
2016-02-25,79
2016-02-26,39
2016-02-27,90
2016-02-28,106
2016-02-29,49
2016-03-01,61
2016-03-02,74
2016-03-03,60
2016-03-04,72
2016-03-05,61
2016-03-06,71
2016-03-07,78
2016-03-08,77
2016-03-09,35
2016-03-10,60
2016-03-11,52
2016-03-12,186
2016-03-13,66
2016-03-14,84
2016-03-15,91
2016-03-16,74
2016-03-17,125
2016-03-18,55
2016-03-19,88
2016-03-20,95
2016-03-21,104
2016-03-22,144
2016-03-23,52
2016-03-24,75
2016-03-25,47
2016-03-26,63
2016-03-27,109
2016-03-28,132
2016-03-29,65
2016-03-30,44
2016-03-31,111
2016-04-01,69
2016-04-02,172
2016-04-03,61
2016-04-04,75
2016-04-05,37
2016-04-06,63
2016-04-07,47
2016-04-08,41
2016-04-09,35
2016-04-10,22
2016-04-11,61
2016-04-12,50
2016-04-13,37
2016-04-14,66
2016-04-15,48
2016-04-16,26
2016-04-17,29
2016-04-18,59
2016-04-19,51
2016-04-20,44
2016-04-21,94
2016-04-22,237
2016-04-23,1485
2016-04-24,100
2016-04-25,47
2016-04-26,49
2016-04-27,176
2016-04-28,466
2016-04-29,160
2016-04-30,73
2016-05-01,77
2016-05-02,76
2016-05-03,61
2016-05-04,25
2016-05-05,55
2016-05-06,86
2016-05-07,52
2016-05-08,225
2016-05-09,33
2016-05-10,75
2016-05-11,16
2016-05-12,75
2016-05-13,60
2016-05-14,47
2016-05-15,70
2016-05-16,64
2016-05-17,69
2016-05-18,54
2016-05-19,84
2016-05-20,131
2016-05-21,61
2016-05-22,48
2016-05-23,86
2016-05-24,48
2016-05-25,29
2016-05-26,41
2016-05-27,76
2016-05-28,69
2016-05-29,80
2016-05-30,79
2016-05-31,77
2016-06-01,124
2016-06-02,129
2016-06-03,124
2016-06-04,57
2016-06-05,78
2016-06-06,109
2016-06-07,93
2016-06-08,56
2016-06-09,199
2016-06-10,122
2016-06-11,87
2016-06-12,145
2016-06-13,262
2016-06-14,59
2016-06-15,87
2016-06-16,151
2016-06-17,83
2016-06-18,75
2016-06-19,106
2016-06-20,75
2016-06-21,100
2016-06-22,91
2016-06-23,179
2016-06-24,287
2016-06-25,60
2016-06-26,72
2016-06-27,314
2016-06-28,54
2016-06-29,45
2016-06-30,86
2016-07-01,86
2016-07-02,35
2016-07-03,728
2016-07-04,530
2016-07-05,208
2016-07-06,171
2016-07-07,451
2016-07-08,90
2016-07-09,70
2016-07-10,75
2016-07-11,97
2016-07-12,60
2016-07-13,125
2016-07-14,59
2016-07-15,106
2016-07-16,57
2016-07-17,63
2016-07-18,70
2016-07-19,110
2016-07-20,76
2016-07-21,111
2016-07-22,66
2016-07-23,68
2016-07-24,31
2016-07-25,58
2016-07-26,140
2016-07-27,85
2016-07-28,173
2016-07-29,95
2016-07-30,62
2016-07-31,97
2016-08-01,77
2016-08-02,141
2016-08-03,231
2016-08-04,73
2016-08-05,1529
2016-08-06,69
2016-08-07,78
2016-08-08,84
2016-08-09,579
2016-08-10,75
2016-08-11,44
2016-08-12,174
2016-08-13,107
2016-08-14,226
2016-08-15,236
2016-08-16,77
2016-08-17,169
2016-08-18,106
2016-08-19,73
2016-08-20,67
2016-08-21,96
2016-08-22,63
2016-08-23,62
2016-08-24,70
2016-08-25,142
2016-08-26,100
2016-08-27,84
2016-08-28,246
2016-08-29,114
2016-08-30,99
2016-08-31,150
2016-09-01,215
2016-09-02,56
2016-09-03,73
2016-09-04,64
2016-09-05,78
2016-09-06,92
2016-09-07,116
2016-09-08,76
2016-09-09,252
2016-09-10,72
2016-09-11,82
2016-09-12,103
2016-09-13,71
2016-09-14,64
2016-09-15,55
2016-09-16,90
2016-09-17,123
2016-09-18,48
2016-09-19,83
2016-09-20,163
2016-09-21,96
2016-09-22,63
2016-09-23,104
2016-09-24,72
2016-09-25,84
2016-09-26,86
2016-09-27,63
2016-09-28,133
2016-09-29,35
2016-09-30,98
2016-10-01,85
2016-10-02,75
2016-10-03,85
2016-10-04,61
2016-10-05,76
2016-10-06,78
2016-10-07,362
2016-10-08,69
2016-10-09,88
2016-10-10,73
2016-10-11,265
2016-10-12,142
2016-10-13,93
2016-10-14,74
2016-10-15,128
2016-10-16,67
2016-10-17,59
2016-10-18,80
2016-10-19,113
2016-10-20,87
2016-10-21,64
2016-10-22,68
2016-10-23,79
2016-10-24,76
2016-10-25,80
2016-10-26,134
2016-10-27,129
2016-10-28,119
2016-10-29,120
2016-10-30,284
2016-10-31,57
2016-11-01,959
2016-11-02,126
2016-11-03,208
2016-11-04,322
2016-11-05,60
2016-11-06,163
2016-11-07,61
2016-11-08,148
2016-11-09,538
2016-11-10,47
2016-11-11,369
2016-11-12,64
2016-11-13,174
2016-11-14,278
2016-11-15,125
2016-11-16,75
2016-11-17,82
2016-11-18,160
2016-11-19,112
2016-11-20,224
2016-11-21,70
2016-11-22,191
2016-11-23,285
2016-11-24,133
2016-11-25,237
2016-11-26,132
2016-11-27,57
2016-11-28,161
2016-11-29,71
2016-11-30,95
2016-12-01,76
2016-12-02,58
2016-12-03,71
2016-12-04,480
2016-12-05,82
2016-12-06,37
2016-12-07,201
2016-12-08,372
2016-12-09,53
2016-12-10,75
2016-12-11,120
2016-12-12,91
2016-12-13,379
2016-12-14,121
2016-12-15,106
2016-12-16,498
2016-12-17,76
2016-12-18,101
2016-12-19,127
2016-12-20,77
2016-12-21,269
2016-12-22,306
2016-12-23,278
2016-12-24,426
2016-12-25,151
2016-12-26,200
2016-12-27,114
2016-12-28,157
2016-12-29,248
2016-12-30,71
2016-12-31,159
2017-01-01,121
2017-01-02,239
2017-01-03,104
2017-01-04,390
2017-01-05,514
2017-01-06,651
2017-01-07,34
2017-01-08,182
2017-01-09,157
2017-01-10,322
2017-01-11,360
2017-01-12,175
2017-01-13,109
2017-01-14,97
2017-01-15,88
2017-01-16,108
2017-01-17,69
2017-01-18,139
2017-01-19,142
2017-01-20,215
2017-01-21,226
2017-01-22,132
2017-01-23,144
2017-01-24,118
2017-01-25,123
2017-01-26,106
2017-01-27,191
2017-01-28,128
2017-01-29,53
2017-01-30,89
2017-01-31,148
2017-02-01,321
2017-02-02,113
2017-02-03,124
2017-02-04,67
2017-02-05,142
2017-02-06,96
2017-02-07,54
2017-02-08,152
2017-02-09,115
2017-02-10,276
2017-02-11,171
2017-02-12,74
2017-02-13,111
2017-02-14,117
2017-02-15,127
2017-02-16,91
2017-02-17,72
2017-02-18,281
2017-02-19,123
2017-02-20,66
2017-02-21,279
2017-02-22,110
2017-02-23,567
2017-02-24,274
2017-02-25,145
2017-02-26,254
2017-02-27,326
2017-02-28,123
2017-03-01,130
2017-03-02,237
2017-03-03,190
2017-03-04,116
2017-03-05,164
2017-03-06,450
2017-03-07,178
2017-03-08,287
2017-03-09,108
2017-03-10,962
2017-03-11,118
2017-03-12,309
2017-03-13,127
2017-03-14,179
2017-03-15,74
2017-03-16,150
2017-03-17,160
2017-03-18,181
2017-03-19,71
2017-03-20,49
2017-03-21,136
2017-03-22,171
2017-03-23,120
2017-03-24,156
2017-03-25,524
2017-03-26,166
2017-03-27,190
2017-03-28,275
2017-03-29,250
2017-03-30,99
2017-03-31,100
2017-04-01,62
2017-04-02,97
2017-04-03,275
2017-04-04,109
2017-04-05,156
2017-04-06,108
2017-04-07,89
2017-04-08,63
2017-04-09,217
2017-04-10,109
2017-04-11,117
2017-04-12,63
2017-04-13,153
2017-04-14,104
2017-04-15,59
2017-04-16,98
2017-04-17,138
2017-04-18,149
2017-04-19,654
2017-04-20,179
2017-04-21,225
2017-04-22,128
2017-04-23,62
2017-04-24,73
2017-04-25,224
2017-04-26,111
2017-04-27,84
2017-04-28,158
2017-04-29,123
2017-04-30,121
2017-05-01,236
2017-05-02,305
2017-05-03,375
2017-05-04,408
2017-05-05,161
2017-05-06,106
2017-05-07,121
2017-05-08,206
2017-05-09,587
2017-05-10,566
2017-05-11,571
2017-05-12,855
2017-05-13,310
2017-05-14,175
2017-05-15,414
2017-05-16,270
2017-05-17,234
2017-05-18,388
2017-05-19,762
2017-05-20,293
2017-05-21,185
2017-05-22,426
2017-05-23,581
2017-05-24,1010
2017-05-25,2586
2017-05-26,722
2017-05-27,1203
2017-05-28,294
2017-05-29,310
2017-05-30,519
2017-05-31,448
2017-06-01,559
2017-06-02,417
2017-06-03,411
2017-06-04,518
2017-06-05,274
2017-06-06,646
2017-06-07,681
2017-06-08,754
2017-06-09,488
2017-06-10,227
2017-06-11,562
2017-06-12,607
2017-06-13,430
2017-06-14,372
2017-06-15,810
2017-06-16,308
2017-06-17,267
2017-06-18,188
2017-06-19,485
2017-06-20,426
2017-06-21,529
2017-06-22,241
2017-06-23,159
2017-06-24,465
2017-06-25,2063
2017-06-26,386
2017-06-27,211
2017-06-28,187
2017-06-29,326
2017-06-30,1107
2017-07-01,304
2017-07-02,302
2017-07-03,7203
2017-07-04,233
2017-07-05,133
2017-07-06,295
2017-07-07,170
2017-07-08,453
2017-07-09,694
2017-07-10,535
2017-07-11,382
2017-07-12,6308
2017-07-13,1627
2017-07-14,531
2017-07-15,374
2017-07-16,380
2017-07-17,295
2017-07-18,505
2017-07-19,1200
2017-07-20,493
2017-07-21,395
2017-07-22,746
2017-07-23,666
2017-07-24,365
2017-07-25,498
2017-07-26,479
2017-07-27,560
2017-07-28,315
2017-07-29,564
2017-07-30,140
2017-07-31,524
2017-08-01,605
2017-08-02,390
2017-08-03,253
2017-08-04,310
2017-08-05,863
2017-08-06,472
2017-08-07,653
2017-08-08,1562
2017-08-09,598
2017-08-10,1278
2017-08-11,1616
2017-08-12,1126
2017-08-13,966
2017-08-14,1590
2017-08-15,1030
2017-08-16,724
2017-08-17,799
2017-08-18,1030
2017-08-19,633
2017-08-20,490
2017-08-21,730
2017-08-22,447
2017-08-23,786
2017-08-24,1113
2017-08-25,391
2017-08-26,482
2017-08-27,498
2017-08-28,614
2017-08-29,1010
2017-08-30,912
2017-08-31,2617
2017-09-01,1073
2017-09-02,904
2017-09-03,704
2017-09-04,1137
2017-09-05,463
2017-09-06,1550
2017-09-07,757
2017-09-08,609
2017-09-09,464
2017-09-10,754
2017-09-11,764
2017-09-12,2074
2017-09-13,2596
2017-09-14,5651
2017-09-15,2488
2017-09-16,4567
2017-09-17,1169
2017-09-18,1493
2017-09-19,816
2017-09-20,1297
2017-09-21,714
2017-09-22,1009
2017-09-23,737
2017-09-24,491
2017-09-25,719
2017-09-26,1645
2017-09-27,1050
2017-09-28,935
2017-09-29,389
2017-09-30,800
2017-10-01,641
2017-10-02,1116
2017-10-03,860
2017-10-04,471
2017-10-05,1033
2017-10-06,687
2017-10-07,643
2017-10-08,504
2017-10-09,655
2017-10-10,793
2017-10-11,1280
2017-10-12,1614
2017-10-13,2923
2017-10-14,1172
2017-10-15,1202
2017-10-16,1039
2017-10-17,553
2017-10-18,834
2017-10-19,655
2017-10-20,1263
2017-10-21,892
2017-10-22,1252
2017-10-23,1781
2017-10-24,1843
2017-10-25,863
2017-10-26,574
2017-10-27,895
2017-10-28,1653
2017-10-29,1191
2017-10-30,2328
2017-10-31,1846
2017-11-01,1065
2017-11-02,2328
2017-11-03,1631
2017-11-04,3534
2017-11-05,2154
2017-11-06,1827
2017-11-07,2342
2017-11-08,3385
2017-11-09,2711
2017-11-10,2967
2017-11-11,2059
2017-11-12,4313
2017-11-13,2251
2017-11-14,1357
2017-11-15,6968
2017-11-16,2541
2017-11-17,2357
2017-11-18,1467
2017-11-19,2592
2017-11-20,2456
2017-11-21,27589
2017-11-22,3091
2017-11-23,1564
2017-11-24,1368
2017-11-25,2103
2017-11-26,2791
2017-11-27,3309
2017-11-28,7137
2017-11-29,31903
2017-11-30,11603
2017-12-01,5738
2017-12-02,2290
2017-12-03,4279
2017-12-04,3188
2017-12-05,3504
2017-12-06,8925
2017-12-07,28227
2017-12-08,20588
2017-12-09,10873
2017-12-10,10537
2017-12-11,16384
2017-12-12,10392
2017-12-13,7359
2017-12-14,8712
2017-12-15,4133
2017-12-16,3886
2017-12-17,3616
2017-12-18,6866
2017-12-19,5797
2017-12-20,12158
2017-12-21,5390
2017-12-22,28254
2017-12-23,6989
2017-12-24,2702
2017-12-25,6264
2017-12-26,5233
2017-12-27,2912
2017-12-28,2948
2017-12-29,3465
2017-12-30,3509
2017-12-31,2648
2018-01-01,2524
2018-01-02,4887
2018-01-03,4500
2018-01-04,2304
2018-01-05,5385
2018-01-06,4509
2018-01-07,5157
2018-01-08,4108
2018-01-09,4383
2018-01-10,3450
2018-01-11,6905
2018-01-12,3164
2018-01-13,3034
2018-01-14,4241
2018-01-15,3179
2018-01-16,11127
2018-01-17,9449
2018-01-18,22302
2018-01-19,5420
2018-01-20,5045
2018-01-21,4364
2018-01-22,2251
2018-01-23,4044
2018-01-24,3268
2018-01-25,7611
2018-01-26,2505
2018-01-27,3095
2018-01-28,3116
2018-01-29,6895
2018-01-30,6060
2018-01-31,6162
2018-02-01,25898
2018-02-02,8182
2018-02-03,4719
2018-02-04,4855
2018-02-05,10144
2018-02-06,10716
2018-02-07,3346
2018-02-08,3495
2018-02-09,1231
2018-02-10,1578
2018-02-11,890
2018-02-12,2246
2018-02-13,2191
2018-02-14,2919
2018-02-15,2915
2018-02-16,3299
2018-02-17,3120
2018-02-18,7236
2018-02-19,2035
2018-02-20,2571
2018-02-21,5343
2018-02-22,1790
2018-02-23,2370
2018-02-24,3613
2018-02-25,2010
2018-02-26,2255
2018-02-27,1355
2018-02-28,3583
2018-03-01,1696
2018-03-02,1295
2018-03-03,1207
2018-03-04,1562
2018-03-05,6139
2018-03-06,2636
2018-03-07,3068
2018-03-08,1655
2018-03-09,3787
2018-03-10,2695
2018-03-11,3038
2018-03-12,1182
2018-03-13,3664
2018-03-14,4260
2018-03-15,4808
2018-03-16,3457
2018-03-17,5449
2018-03-18,2823
2018-03-19,3642
2018-03-20,2013
2018-03-21,1334
2018-03-22,2787
2018-03-23,1415
2018-03-24,1699
2018-03-25,1557
2018-03-26,1163
2018-03-27,3391
2018-03-28,2094
2018-03-29,1945
2018-03-30,1865
2018-03-31,874
2018-04-01,1097
2018-04-02,2748
2018-04-03,1851
2018-04-04,2141
2018-04-05,3314
2018-04-06,1626
2018-04-07,2711
2018-04-08,2660
2018-04-09,1142
2018-04-10,1929
2018-04-11,1324
2018-04-12,3984
2018-04-13,3791
2018-04-14,2365
2018-04-15,1136
2018-04-16,1892
2018-04-17,1543
2018-04-18,3234
2018-04-19,2148
2018-04-20,2847
2018-04-21,4051
2018-04-22,1292
2018-04-23,2933
2018-04-24,3009
2018-04-25,2565
2018-04-26,1922
2018-04-27,1943
2018-04-28,2418
2018-04-29,1512
2018-04-30,989
2018-05-01,1294
2018-05-02,1350
2018-05-03,2228
2018-05-04,2674
2018-05-05,1261
2018-05-06,1144
2018-05-07,2421
2018-05-08,2966
2018-05-09,1294
2018-05-10,984
2018-05-11,1586
2018-05-12,1524
2018-05-13,1859
2018-05-14,1688
2018-05-15,1320
2018-05-16,1470
2018-05-17,1200
2018-05-18,1032
2018-05-19,3269
2018-05-20,3524
2018-05-21,1822
2018-05-22,2150
2018-05-23,2882
2018-05-24,1372
2018-05-25,1496
2018-05-26,1737
2018-05-27,1912
2018-05-28,2543
2018-05-29,922
2018-05-30,1112
2018-05-31,3304
2018-06-01,1875
2018-06-02,2160
2018-06-03,1511
2018-06-04,876
2018-06-05,1710
2018-06-06,1684
2018-06-07,1327
2018-06-08,3416
2018-06-09,1231
2018-06-10,9317
2018-06-11,2180
2018-06-12,2417
2018-06-13,3281
2018-06-14,1802
2018-06-15,1156
2018-06-16,1129
2018-06-17,1155
2018-06-18,4775
2018-06-19,2293
2018-06-20,2673
2018-06-21,1461
2018-06-22,1502
2018-06-23,2367
2018-06-24,2093
2018-06-25,2599
2018-06-26,887
2018-06-27,3179
2018-06-28,2115
2018-06-29,2336
2018-06-30,1638
2018-07-01,1282
2018-07-02,1506
2018-07-03,1457
2018-07-04,896
2018-07-05,1442
2018-07-06,589
2018-07-07,3276
2018-07-08,1155
2018-07-09,1271
2018-07-10,1441
2018-07-11,1068
2018-07-12,4705
2018-07-13,3936
2018-07-14,1255
2018-07-15,1442
2018-07-16,3713
2018-07-17,2889
2018-07-18,3093
2018-07-19,1392
2018-07-20,3313
2018-07-21,3974
2018-07-22,911
2018-07-23,1841
2018-07-24,2238
2018-07-25,5151
2018-07-26,3522
2018-07-27,1970
2018-07-28,976
2018-07-29,1362
2018-07-30,1891
2018-07-31,797
2018-08-01,3481
2018-08-02,1053
2018-08-03,1467
2018-08-04,1684
2018-08-05,1973
2018-08-06,1918
2018-08-07,3142
2018-08-08,1581
2018-08-09,2092
2018-08-10,3298
2018-08-11,1711
2018-08-12,1339
2018-08-13,3137
2018-08-14,3936
2018-08-15,3115
2018-08-16,2504
2018-08-17,4246
2018-08-18,1183
2018-08-19,1518
2018-08-20,4536
2018-08-21,1663
2018-08-22,1883
2018-08-23,1076
2018-08-24,2237
2018-08-25,816
2018-08-26,863
2018-08-27,4540
2018-08-28,1333
2018-08-29,8007
2018-08-30,1876
2018-08-31,1459
2018-09-01,1216
2018-09-02,2638
2018-09-03,2467
2018-09-04,1023
2018-09-05,999
2018-09-06,2042
2018-09-07,1576
2018-09-08,1309
2018-09-09,1063
2018-09-10,1453
2018-09-11,5976
2018-09-12,2806
2018-09-13,1969
2018-09-14,1482
2018-09-15,1274
2018-09-16,1106
2018-09-17,1290
2018-09-18,1187
2018-09-19,7330
2018-09-20,1217
2018-09-21,930
2018-09-22,743
2018-09-23,1073
2018-09-24,1311
2018-09-25,1552
2018-09-26,697
2018-09-27,507
2018-09-28,737
2018-09-29,752
2018-09-30,321
2018-10-01,935
2018-10-02,1088
2018-10-03,1570
2018-10-04,2116
2018-10-05,1046
2018-10-06,756
2018-10-07,1541
2018-10-08,905
2018-10-09,2246
2018-10-10,1524
2018-10-11,2053
2018-10-12,978
2018-10-13,430
2018-10-14,1216
2018-10-15,1455
2018-10-16,1833
2018-10-17,1297
2018-10-18,1190
2018-10-19,2140
2018-10-20,1412
2018-10-21,640
2018-10-22,25151
2018-10-23,2245
2018-10-24,6834
2018-10-25,1399
2018-10-26,1148
2018-10-27,1147
2018-10-28,1043
2018-10-29,859
2018-10-30,3603
2018-10-31,1482
2018-11-01,2334
2018-11-02,1286
2018-11-03,965
2018-11-04,1003
2018-11-05,1585
2018-11-06,2205
2018-11-07,584
2018-11-08,1388
2018-11-09,513
2018-11-10,871
2018-11-11,749
2018-11-12,878
2018-11-13,648
2018-11-14,2775
2018-11-15,2351
2018-11-16,1323
2018-11-17,645
2018-11-18,2803
2018-11-19,2420
2018-11-20,6474
2018-11-21,2635
2018-11-22,2516
2018-11-23,2038
2018-11-24,1685
2018-11-25,6951
2018-11-26,5122
2018-11-27,2746
2018-11-28,2355
2018-11-29,12579
2018-11-30,1934
2018-12-01,3741
2018-12-02,3724
2018-12-03,1973
2018-12-04,4118
2018-12-05,1588
2018-12-06,5776
2018-12-07,3744
2018-12-08,3060
2018-12-09,3465
2018-12-10,1529
2018-12-11,2766
2018-12-12,2912
2018-12-13,1944
2018-12-14,1542
2018-12-15,1299
2018-12-16,891
2018-12-17,1376
2018-12-18,728
2018-12-19,5531
2018-12-20,2016
2018-12-21,4369
2018-12-22,2637
2018-12-23,955
2018-12-24,2647
2018-12-25,1476
2018-12-26,846
2018-12-27,1624
2018-12-28,1596
2018-12-29,1956
2018-12-30,1950
2018-12-31,2062
2019-01-01,515
2019-01-02,1297
2019-01-03,5645
2019-01-04,817
2019-01-05,956
2019-01-06,4351
2019-01-07,2294
2019-01-08,1433
2019-01-09,2632
2019-01-10,2098
2019-01-11,1166
2019-01-12,3991
2019-01-13,1474
2019-01-14,2886
2019-01-15,1291
2019-01-16,1808
2019-01-17,1085
2019-01-18,4085
2019-01-19,1434
2019-01-20,1869
2019-01-21,1068
2019-01-22,1106
2019-01-23,3052
2019-01-24,1444
2019-01-25,1068
2019-01-26,2408
2019-01-27,831
2019-01-28,1826
2019-01-29,3831
2019-01-30,4012
2019-01-31,3935
2019-02-01,2444
2019-02-02,993
2019-02-03,656
2019-02-04,1863
2019-02-05,880
2019-02-06,2657
2019-02-07,1295
2019-02-08,1960
2019-02-09,1830
2019-02-10,566
2019-02-11,3217
2019-02-12,1168
2019-02-13,2655
2019-02-14,2361
2019-02-15,2286
2019-02-16,955
2019-02-17,822
2019-02-18,1870
2019-02-19,917
2019-02-20,1895
2019-02-21,1023
2019-02-22,1420
2019-02-23,1759
2019-02-24,1713
2019-02-25,1907
2019-02-26,1155
2019-02-27,1451
2019-02-28,2664
2019-03-01,1170
2019-03-02,1240
2019-03-03,1349
2019-03-04,2425
2019-03-05,1460
2019-03-06,3669
2019-03-07,3401
2019-03-08,2799
2019-03-09,901
2019-03-10,1113
2019-03-11,1807
2019-03-12,3651
2019-03-13,1766
2019-03-14,886
2019-03-15,1150
2019-03-16,3142
2019-03-17,1350
2019-03-18,1323
2019-03-19,1425
2019-03-20,4712
2019-03-21,2144
2019-03-22,2436
2019-03-23,5833
2019-03-24,1488
2019-03-25,1220
2019-03-26,2581
2019-03-27,1423
2019-03-28,1246
2019-03-29,1271
2019-03-30,661
2019-03-31,853
2019-04-01,3135
2019-04-02,3795
2019-04-03,7137
2019-04-04,3450
2019-04-05,1613
2019-04-06,2594
2019-04-07,2533
2019-04-08,2304
2019-04-09,1962
2019-04-10,1617
2019-04-11,3547
2019-04-12,1679
2019-04-13,2188
2019-04-14,2846
2019-04-15,1599
2019-04-16,3551
2019-04-17,2276
2019-04-18,2394
2019-04-19,2321
2019-04-20,1288
2019-04-21,5901
2019-04-22,2004
2019-04-23,7554
2019-04-24,1832
2019-04-25,3521
2019-04-26,2179
2019-04-27,3440
2019-04-28,2075
2019-04-29,2897
2019-04-30,3447
2019-05-01,10018
2019-05-02,5018
2019-05-03,3872
2019-05-04,8091
2019-05-05,2344
2019-05-06,8377
2019-05-07,1420
2019-05-08,2935
2019-05-09,4538
2019-05-10,4772
2019-05-11,7172
2019-05-12,3994
2019-05-13,8877
2019-05-14,5423
2019-05-15,7540
2019-05-16,5285
2019-05-17,3751
2019-05-18,3502
2019-05-19,3262
2019-05-20,5241
2019-05-21,5369
2019-05-22,5566
2019-05-23,2994
2019-05-24,6767
2019-05-25,2215
2019-05-26,2133
2019-05-27,6537
2019-05-28,2593
2019-05-29,3038
2019-05-30,3303
2019-05-31,4982
2019-06-01,3866
2019-06-02,2651
2019-06-03,3435
2019-06-04,4069
2019-06-05,2907
2019-06-06,2494
2019-06-07,2866
2019-06-08,1819
2019-06-09,1842
2019-06-10,1851
2019-06-11,3145
2019-06-12,2690
2019-06-13,3212
2019-06-14,3787
2019-06-15,1417
2019-06-16,4139
2019-06-17,3419
2019-06-18,5746
2019-06-19,3469
2019-06-20,5328
2019-06-21,8286
2019-06-22,9185
2019-06-23,5732
2019-06-24,7406
2019-06-25,4112
2019-06-26,13189
2019-06-27,4579
2019-06-28,8645
2019-06-29,3831
2019-06-30,3100
2019-07-01,5090
2019-07-02,3390
2019-07-03,6931
2019-07-04,3224
2019-07-05,2644
2019-07-06,1849
2019-07-07,3522
2019-07-08,6472
2019-07-09,7834
2019-07-10,12403
2019-07-11,2589
2019-07-12,8050
2019-07-13,4186
2019-07-14,5575
2019-07-15,5038
2019-07-16,10523
2019-07-17,5554
2019-07-18,3505
2019-07-19,3199
2019-07-20,2444
2019-07-21,1294
2019-07-22,2106
2019-07-23,2726
2019-07-24,3357
2019-07-25,3046
2019-07-26,3634
2019-07-27,2686
2019-07-28,2665
2019-07-29,2396
2019-07-30,2428
2019-07-31,2842
2019-08-01,5233
2019-08-02,2657
2019-08-03,4235
2019-08-04,1444
2019-08-05,14197
2019-08-06,2498
2019-08-07,5877
2019-08-08,4537
2019-08-09,4234
2019-08-10,2584
2019-08-11,1995
2019-08-12,9960
2019-08-13,4437
2019-08-14,8368
2019-08-15,2887
2019-08-16,5940
2019-08-17,2422
2019-08-18,4008
2019-08-19,1472
2019-08-20,3145
2019-08-21,3427
2019-08-22,3692
2019-08-23,2614
2019-08-24,1515
2019-08-25,1748
2019-08-26,1583
2019-08-27,2751
2019-08-28,2845
2019-08-29,2941
2019-08-30,2418
2019-08-31,1659
2019-09-01,1900
2019-09-02,4504
2019-09-03,2220
2019-09-04,5825
2019-09-05,31994
2019-09-06,4246
2019-09-07,2868
2019-09-08,1959
2019-09-09,1820
2019-09-10,2985
2019-09-11,2768
2019-09-12,6420
2019-09-13,1987
2019-09-14,2019
2019-09-15,2191
2019-09-16,2985
2019-09-17,3605
2019-09-18,3065
2019-09-19,3324
2019-09-20,2389
2019-09-21,2602
2019-09-22,1839
2019-09-23,6178
2019-09-24,4203
2019-09-25,5234
2019-09-26,5880
2019-09-27,5580
2019-09-28,2840
2019-09-29,1505
2019-09-30,5374
2019-10-01,1692
2019-10-02,2925
2019-10-03,2579
2019-10-04,2160
2019-10-05,2724
2019-10-06,1392
2019-10-07,3056
2019-10-08,1398
2019-10-09,6421
2019-10-10,2910
2019-10-11,3733
2019-10-12,1058
2019-10-13,2423
2019-10-14,2087
2019-10-15,3082
2019-10-16,1978
2019-10-17,2692
2019-10-18,2156
2019-10-19,5133
2019-10-20,1695
2019-10-21,4024
2019-10-22,2745
2019-10-23,3591
2019-10-24,2712
2019-10-25,3137
2019-10-26,11570
2019-10-27,2137
2019-10-28,3838
2019-10-29,4176
2019-10-30,2790
2019-10-31,3346
2019-11-01,3357
2019-11-02,1699
2019-11-03,2911
2019-11-04,3472
2019-11-05,8028
2019-11-06,1655
2019-11-07,2383
2019-11-08,2288
2019-11-09,1532
2019-11-10,2670
2019-11-11,904
2019-11-12,5704
2019-11-13,1791
2019-11-14,915
2019-11-15,2257
2019-11-16,2294
2019-11-17,985
2019-11-18,3377
2019-11-19,1448
2019-11-20,2679
2019-11-21,3502
2019-11-22,4525
2019-11-23,2872
2019-11-24,5171
2019-11-25,10618
2019-11-26,1557
2019-11-27,1661
2019-11-28,2438
2019-11-29,5699
2019-11-30,1339
2019-12-01,1102
2019-12-02,1485
2019-12-03,1316
2019-12-04,2750
2019-12-05,1145
2019-12-06,1443
2019-12-07,3290
2019-12-08,1478
2019-12-09,2904
2019-12-10,2517
2019-12-11,1675
2019-12-12,5240
2019-12-13,2778
2019-12-14,1103
2019-12-15,3693
2019-12-16,2942
2019-12-17,3117
2019-12-18,2121
2019-12-19,7703
2019-12-20,1548
2019-12-21,1655
2019-12-22,2123
2019-12-23,2499
2019-12-24,1205
2019-12-25,2727
2019-12-26,3124
2019-12-27,7773
2019-12-28,2894
2019-12-29,1963
2019-12-30,1747
2019-12-31,1439
2020-01-01,4277
2020-01-02,3156
2020-01-03,3381
2020-01-04,1532
2020-01-05,4999
2020-01-06,2720
2020-01-07,3541
2020-01-08,3402
2020-01-09,4916
2020-01-10,2856
2020-01-11,1683
2020-01-12,2939
2020-01-13,2240
2020-01-14,4589
2020-01-15,2126
2020-01-16,1754
2020-01-17,1744
2020-01-18,3138
2020-01-19,3136
2020-01-20,1220
2020-01-21,2097
2020-01-22,4734
2020-01-23,2387
2020-01-24,2249
2020-01-25,2198
2020-01-26,1392
2020-01-27,2532
2020-01-28,2490
2020-01-29,5155
2020-01-30,3153
2020-01-31,4229
2020-02-01,2058
2020-02-02,7434
2020-02-03,3066
2020-02-04,3504
2020-02-05,6415
2020-02-06,2739
2020-02-07,3021
2020-02-08,4057
2020-02-09,5123
2020-02-10,3891
2020-02-11,4013
2020-02-12,5794
2020-02-13,3375
2020-02-14,8338
2020-02-15,4160
2020-02-16,4810
2020-02-17,6791
2020-02-18,4781
2020-02-19,5371
2020-02-20,3058
2020-02-21,2348
2020-02-22,1421
2020-02-23,3771
2020-02-24,5348
2020-02-25,5308
2020-02-26,4100
2020-02-27,3622
2020-02-28,3676
2020-02-29,1988
2020-03-01,1238
2020-03-02,2164
2020-03-03,3872
2020-03-04,5877
2020-03-05,2520
2020-03-06,4924
2020-03-07,1055
2020-03-08,3355
2020-03-09,8296
2020-03-10,4842
2020-03-11,5360
2020-03-12,14061
2020-03-13,19680
2020-03-14,8697
2020-03-15,7885
2020-03-16,11518
2020-03-17,6297
2020-03-18,5999
2020-03-19,4408
2020-03-20,5747
2020-03-21,4794
2020-03-22,2602
2020-03-23,5833
2020-03-24,7226
2020-03-25,11908
2020-03-26,4105
2020-03-27,2101
2020-03-28,1999
2020-03-29,1996
2020-03-30,4268
2020-03-31,3341
2020-04-01,2369
2020-04-02,3195
2020-04-03,3512
2020-04-04,14434
2020-04-05,1635
2020-04-06,3880
2020-04-07,15812
2020-04-08,9123
2020-04-09,9705
2020-04-10,6103
2020-04-11,1906
2020-04-12,3503
2020-04-13,7709
2020-04-14,5905
2020-04-15,5145
2020-04-16,4160
2020-04-17,3742
2020-04-18,7709
2020-04-19,4217
2020-04-20,5984
2020-04-21,5882
2020-04-22,5137
2020-04-23,5143
2020-04-24,2342
2020-04-25,8795
2020-04-26,6088
2020-04-27,5316
2020-04-28,7838
2020-04-29,7379
2020-04-30,9871
2020-05-01,8674
2020-05-02,7076
2020-05-03,5068
2020-05-04,6304
2020-05-05,5457
2020-05-06,4535
2020-05-07,10481
2020-05-08,10450
2020-05-09,5748
2020-05-10,10207
2020-05-11,6433
2020-05-12,9423
2020-05-13,7593
2020-05-14,6489
2020-05-15,8062
2020-05-16,5823
2020-05-17,13878
2020-05-18,10614
2020-05-19,2580
2020-05-20,4822
2020-05-21,3027
2020-05-22,6229
2020-05-23,4943
2020-05-24,11074
2020-05-25,6270
2020-05-26,5011
2020-05-27,18056
2020-05-28,17599
2020-05-29,2725
2020-05-30,7449
2020-05-31,4843
2020-06-01,8500
2020-06-02,21007
2020-06-03,4824
2020-06-04,4623
2020-06-05,9523
2020-06-06,2361
2020-06-07,1931
2020-06-08,3903
2020-06-09,4278
2020-06-10,5630
2020-06-11,8731
2020-06-12,3519
2020-06-13,3081
2020-06-14,2787
2020-06-15,5722
2020-06-16,6057
2020-06-17,5415
2020-06-18,3346
2020-06-19,1972
2020-06-20,2668
2020-06-21,2826
2020-06-22,11167
2020-06-23,6074
2020-06-24,4157
2020-06-25,3527
2020-06-26,3040
2020-06-27,2523
2020-06-28,3271
2020-06-29,3001
2020-06-30,12972
2020-07-01,5297
2020-07-02,5070
2020-07-03,5339
2020-07-04,3924
2020-07-05,2269
2020-07-06,4655
2020-07-07,3071
2020-07-08,5363
2020-07-09,27592
2020-07-10,26090
2020-07-11,4207
2020-07-12,3179
2020-07-13,4000
2020-07-14,3208
2020-07-15,9254
2020-07-16,9345
2020-07-17,3808
2020-07-18,3661
2020-07-19,2091
2020-07-20,3003
2020-07-21,5067
2020-07-22,5635
2020-07-23,4391
2020-07-24,4020
2020-07-25,6997
2020-07-26,5449
2020-07-27,14190
2020-07-28,8354
2020-07-29,5505
2020-07-30,8309
2020-07-31,5245
2020-08-01,8213
2020-08-02,5578
2020-08-03,8619
2020-08-04,9569
2020-08-05,16536
2020-08-06,10077
2020-08-07,5606
2020-08-08,2354
2020-08-09,4072
2020-08-10,6025
2020-08-11,17354
2020-08-12,5856
2020-08-13,4768
2020-08-14,14505
2020-08-15,14057
2020-08-16,4125
2020-08-17,19831
2020-08-18,10619
2020-08-19,6267
2020-08-20,7609
2020-08-21,7358
2020-08-22,5969
2020-08-23,4220
2020-08-24,3514
2020-08-25,4566
2020-08-26,4770
2020-08-27,9187
2020-08-28,3764
2020-08-29,3849
2020-08-30,8109
2020-08-31,4087
2020-09-01,3629
2020-09-02,6227
2020-09-03,12344
2020-09-04,7528
2020-09-05,4119
2020-09-06,1879
2020-09-07,4844
2020-09-08,6983
2020-09-09,4488
2020-09-10,7700
2020-09-11,3398
2020-09-12,3008
2020-09-13,5807
2020-09-14,6504
2020-09-15,10982
2020-09-16,9472
2020-09-17,11659
2020-09-18,6657
2020-09-19,5271
2020-09-20,6632
2020-09-21,6511
2020-09-22,4711
2020-09-23,4414
2020-09-24,10385
2020-09-25,3012
2020-09-26,3331
2020-09-27,4743
2020-09-28,8022
2020-09-29,2035
2020-09-30,5028
2020-10-01,2507
2020-10-02,5599
2020-10-03,2971
2020-10-04,3004
2020-10-05,7415
2020-10-06,2396
2020-10-07,3531
2020-10-08,11982
2020-10-09,6524
2020-10-10,5497
2020-10-11,7356
2020-10-12,6237
2020-10-13,7138
2020-10-14,6892
2020-10-15,7520
2020-10-16,5002
2020-10-17,4101
2020-10-18,4078
2020-10-19,12550
2020-10-20,10997
2020-10-21,36973
2020-10-22,13637
2020-10-23,9346
2020-10-24,5220
2020-10-25,4114
2020-10-26,4986
2020-10-27,12593
2020-10-28,21319
2020-10-29,11598
2020-10-30,8242
2020-10-31,4986
2020-11-01,5395
2020-11-02,7509
2020-11-03,6887
2020-11-04,7479
2020-11-05,16367
2020-11-06,8678
2020-11-07,6280
2020-11-08,7556
2020-11-09,6928
2020-11-10,5123
2020-11-11,9631
2020-11-12,14667
2020-11-13,18194
2020-11-14,9471
2020-11-15,4913
2020-11-16,13579
2020-11-17,79374
2020-11-18,20761
2020-11-19,20163
2020-11-20,16162
2020-11-21,9527
2020-11-22,9876
2020-11-23,12654
2020-11-24,18121
2020-11-25,12871
2020-11-26,24052
2020-11-27,12160
2020-11-28,14800
2020-11-29,14300
2020-11-30,17026
2020-12-01,28935
2020-12-02,8099
2020-12-03,15523
2020-12-04,7261
2020-12-05,12018
2020-12-06,7156
2020-12-07,21697
2020-12-08,14003
2020-12-09,17627
2020-12-10,10573
2020-12-11,13094
2020-12-12,8820
2020-12-13,25630
2020-12-14,11872
2020-12-15,16690
2020-12-16,27694
2020-12-17,32087
2020-12-18,23615
2020-12-19,21192
2020-12-20,35422
2020-12-21,31454
2020-12-22,19942
2020-12-23,15227
2020-12-24,12045
2020-12-25,7988
2020-12-26,40749
2020-12-27,23672
2020-12-28,13069
2020-12-29,15047
2020-12-30,18426
2020-12-31,16698
2021-01-01,9345
2021-01-02,55169
2021-01-03,123376
2021-01-04,26727
2021-01-05,18866
2021-01-06,25336
2021-01-07,36269
2021-01-08,26931
2021-01-09,38578
2021-01-10,43415
2021-01-11,58997
2021-01-12,25449
2021-01-13,37215
2021-01-14,135723
2021-01-15,19223
2021-01-16,17607
2021-01-17,27808
2021-01-18,11419
2021-01-19,17287
2021-01-20,12631
2021-01-21,37651
2021-01-22,24708
2021-01-23,10150
2021-01-24,15176
2021-01-25,13597
2021-01-26,19249
2021-01-27,21780
2021-01-28,48168
2021-01-29,68487
2021-01-30,35115
2021-01-31,22921
2021-02-01,27708
2021-02-02,36995
2021-02-03,48186
2021-02-04,40591
2021-02-05,38753
2021-02-06,24786
2021-02-07,21033
2021-02-08,237545
2021-02-09,64298
2021-02-10,73486
2021-02-11,57676
2021-02-12,28093
2021-02-13,36933
2021-02-14,43334
2021-02-15,18205
2021-02-16,64728
2021-02-17,73991
2021-02-18,44237
2021-02-19,52689
2021-02-20,56309
2021-02-21,46766
2021-02-22,63453
2021-02-23,78486
2021-02-24,43921
2021-02-25,63406
2021-02-26,42899
2021-02-27,36748
2021-02-28,37026
2021-03-01,46904
2021-03-02,28901
2021-03-03,34024
2021-03-04,23363
2021-03-05,35074
2021-03-06,30054
2021-03-07,17866
2021-03-08,20842
2021-03-09,32857
2021-03-10,17285
2021-03-11,22573
2021-03-12,48078
2021-03-13,47347
2021-03-14,35009
2021-03-15,44692
2021-03-16,16029
2021-03-17,49741
2021-03-18,52692
2021-03-19,18013
2021-03-20,24314
2021-03-21,39659
2021-03-22,32882
2021-03-23,25502
2021-03-24,1185867
2021-03-25,35866
2021-03-26,12520
2021-03-27,17709
2021-03-28,18403
2021-03-29,12750
2021-03-30,28314
2021-03-31,19146
2021-04-01,14791
2021-04-02,16946
2021-04-03,19762
2021-04-04,10835
2021-04-05,12894
2021-04-06,19012
2021-04-07,22074
2021-04-08,28453
2021-04-09,17201
2021-04-10,21624
2021-04-11,17042
2021-04-12,41420
2021-04-13,37396
2021-04-14,41649
2021-04-15,21546
2021-04-16,42289
2021-04-17,14052
2021-04-18,44034
2021-04-19,31087
2021-04-20,57798
2021-04-21,28717
2021-04-22,35878
2021-04-23,52198
2021-04-24,24021
2021-04-25,22132
2021-04-26,22374
2021-04-27,29860
2021-04-28,38995
2021-04-29,33404
2021-04-30,15389
2021-05-01,22346
2021-05-02,38904
2021-05-03,16257
2021-05-04,17878
2021-05-05,36918
2021-05-06,32778
2021-05-07,11106
2021-05-08,20820
2021-05-09,16992
2021-05-10,13166
2021-05-11,23395
2021-05-12,56614
2021-05-13,131720
2021-05-14,68523
2021-05-15,30863
2021-05-16,52877
2021-05-17,76460
2021-05-18,53475
2021-05-19,203911
2021-05-20,85599
2021-05-21,49103
2021-05-22,42446
2021-05-23,79853
2021-05-24,33139
2021-05-25,18734
2021-05-26,32178
2021-05-27,39608
2021-05-28,34139
2021-05-29,37585
2021-05-30,27514
2021-05-31,20820
2021-06-01,37689
2021-06-02,24701
2021-06-03,29785
2021-06-04,151619
2021-06-05,16313
2021-06-06,25026
2021-06-07,61730
2021-06-08,80079
2021-06-09,47808
2021-06-10,28128
2021-06-11,23147
2021-06-12,17121
2021-06-13,41660
2021-06-14,48462
2021-06-15,40144
2021-06-16,18071
2021-06-17,24902
2021-06-18,62125
2021-06-19,32528
2021-06-20,21862
2021-06-21,51225
2021-06-22,49516
2021-06-23,29067
2021-06-24,23458
2021-06-25,44101
2021-06-26,22432
2021-06-27,25706
2021-06-28,30760
2021-06-29,37909
2021-06-30,18125
2021-07-01,27057
2021-07-02,26073
2021-07-03,13655
2021-07-04,14920
2021-07-05,12117
2021-07-06,20385
2021-07-07,14131
2021-07-08,20450
2021-07-09,19623
2021-07-10,14981
2021-07-11,26425
2021-07-12,27025
2021-07-13,27594
2021-07-14,20516
2021-07-15,17898
2021-07-16,78063
2021-07-17,18484
2021-07-18,51533
2021-07-19,24482
2021-07-20,33401
2021-07-21,15287
2021-07-22,33407
2021-07-23,11780
2021-07-24,24577
2021-07-25,12527
2021-07-26,26865
2021-07-27,21428
2021-07-28,39134
2021-07-29,39188
2021-07-30,21695
2021-07-31,18983
2021-08-01,12418
2021-08-02,26715
2021-08-03,22041
2021-08-04,16426
2021-08-05,12979
2021-08-06,29035
2021-08-07,18640
2021-08-08,30609
2021-08-09,25699
2021-08-10,30253
2021-08-11,17730
2021-08-12,20754
2021-08-13,21946
2021-08-14,18926
2021-08-15,9947
2021-08-16,19581
2021-08-17,23633
2021-08-18,18818
2021-08-19,17206
2021-08-20,13361
2021-08-21,16190
2021-08-22,28918
2021-08-23,32827
2021-08-24,15249
2021-08-25,29475
2021-08-26,25434
2021-08-27,19556
2021-08-28,37798
2021-08-29,23660
2021-08-30,24273
2021-08-31,15027
2021-09-01,18220
2021-09-02,36189
2021-09-03,24188
2021-09-04,33646
2021-09-05,29051
2021-09-06,53304
2021-09-07,79585
2021-09-08,39803
2021-09-09,14238
2021-09-10,0