Date,Last Price
9/21/2021,0.732
9/20/2021,0.7322
9/17/2021,0.7279
9/16/2021,0.725
9/15/2021,0.7225
9/14/2021,0.7242
9/13/2021,0.7225
9/10/2021,0.723
9/9/2021,0.7229
9/8/2021,0.7261
9/7/2021,0.7254
9/6/2021,0.7227
9/3/2021,0.7216
9/2/2021,0.7229
9/1/2021,0.7263
8/31/2021,0.727
8/30/2021,0.7267
8/27/2021,0.7267
8/26/2021,0.7299
8/25/2021,0.7266
8/24/2021,0.7284
8/23/2021,0.7287
8/20/2021,0.734
8/19/2021,0.7334
8/18/2021,0.727
8/17/2021,0.7278
8/16/2021,0.7225
8/13/2021,0.7212
8/12/2021,0.7243
8/11/2021,0.7211
8/10/2021,0.7226
8/9/2021,0.7222
8/6/2021,0.7208
8/5/2021,0.7179
8/4/2021,0.72
8/3/2021,0.7187
8/2/2021,0.7202
7/30/2021,0.7193
7/29/2021,0.7163
7/28/2021,0.7193
7/27/2021,0.7205
7/26/2021,0.7237
7/23/2021,0.7273
7/22/2021,0.7263
7/21/2021,0.729
7/20/2021,0.7338
7/19/2021,0.7312
7/16/2021,0.7264
7/15/2021,0.7232
7/14/2021,0.7216
7/13/2021,0.7239
7/12/2021,0.7202
7/9/2021,0.7191
7/8/2021,0.7253
7/7/2021,0.7246
7/6/2021,0.7246
7/5/2021,0.7223
7/2/2021,0.7233
7/1/2021,0.7266
6/30/2021,0.7229
6/29/2021,0.7227
6/28/2021,0.7204
6/25/2021,0.7204
6/24/2021,0.7182
6/23/2021,0.7162
6/22/2021,0.7169
6/21/2021,0.7177
6/18/2021,0.7243
6/17/2021,0.7181
6/16/2021,0.7124
6/15/2021,0.71
6/14/2021,0.7088
6/11/2021,0.7088
6/10/2021,0.7054
6/9/2021,0.7085
6/8/2021,0.7065
6/7/2021,0.7054
6/4/2021,0.7064
6/3/2021,0.7089
6/2/2021,0.7057
6/1/2021,0.7067
5/31/2021,0.7036
5/28/2021,0.7047
5/27/2021,0.704
5/26/2021,0.7083
5/25/2021,0.7067
5/24/2021,0.7064
5/21/2021,0.7067
5/20/2021,0.7047
5/19/2021,0.7085
5/18/2021,0.7048
5/17/2021,0.7073
5/14/2021,0.7094
5/13/2021,0.7117
5/12/2021,0.7115
5/11/2021,0.7071
5/10/2021,0.7083
5/7/2021,0.7149
5/6/2021,0.7198
5/5/2021,0.719
5/4/2021,0.7201
5/3/2021,0.719
4/30/2021,0.7239
4/29/2021,0.7173
4/28/2021,0.7174
4/27/2021,0.719
4/26/2021,0.7194
4/23/2021,0.7207
4/22/2021,0.7225
4/21/2021,0.7179
4/20/2021,0.7175
4/19/2021,0.715
4/16/2021,0.7227
4/15/2021,0.7257
4/14/2021,0.7258
4/13/2021,0.7272
4/12/2021,0.7276
4/9/2021,0.7296
4/8/2021,0.7281
4/7/2021,0.7279
4/6/2021,0.7234
4/5/2021,0.7193
4/2/2021,0.7229
4/1/2021,0.7229
3/31/2021,0.7255
3/30/2021,0.7278
3/29/2021,0.7266
3/26/2021,0.7252
3/25/2021,0.7282
3/24/2021,0.7307
3/23/2021,0.7271
3/22/2021,0.7213
3/19/2021,0.7209
3/18/2021,0.718
3/17/2021,0.7161
3/16/2021,0.7198
3/15/2021,0.7193
3/12/2021,0.7183
3/11/2021,0.7147
3/10/2021,0.7176
3/9/2021,0.72
3/8/2021,0.7235
3/5/2021,0.7227
3/4/2021,0.7198
3/3/2021,0.7169
3/2/2021,0.7165
3/1/2021,0.7181
2/26/2021,0.718
2/25/2021,0.7138
2/24/2021,0.7071
2/23/2021,0.7085
2/22/2021,0.711
2/19/2021,0.7137
2/18/2021,0.7156
2/17/2021,0.7213
2/16/2021,0.7193
2/15/2021,0.7192
2/12/2021,0.7218
2/11/2021,0.7238
2/10/2021,0.7228
2/9/2021,0.7238
2/8/2021,0.7277
2/5/2021,0.7281
2/4/2021,0.7315
2/3/2021,0.7328
2/2/2021,0.7316
2/1/2021,0.732
1/29/2021,0.7297
1/28/2021,0.7288
1/27/2021,0.7305
1/26/2021,0.7281
1/25/2021,0.7312
1/22/2021,0.7308
1/21/2021,0.7281
1/20/2021,0.7324
1/19/2021,0.7335
1/18/2021,0.7359
1/15/2021,0.7361
1/14/2021,0.7306
1/13/2021,0.7333
1/12/2021,0.7317
1/11/2021,0.7399
1/8/2021,0.7371
1/7/2021,0.7371
1/6/2021,0.7348
1/5/2021,0.7338
1/4/2021,0.7367
1/1/2021,0.7316
12/31/2020,0.7318
12/30/2020,0.7339
12/29/2020,0.7406
12/28/2020,0.7432
12/25/2020,0.7373
12/24/2020,0.7377
12/23/2020,0.741
12/22/2020,0.7483
12/21/2020,0.7426
12/18/2020,0.7392
12/17/2020,0.7362
12/16/2020,0.7402
12/15/2020,0.7427
12/14/2020,0.7502
12/11/2020,0.7562
12/10/2020,0.7522
12/9/2020,0.7459
12/8/2020,0.7486
12/7/2020,0.7473
12/4/2020,0.7442
12/3/2020,0.7434
12/2/2020,0.7481
12/1/2020,0.7451
11/30/2020,0.7505
11/27/2020,0.7511
11/26/2020,0.7486
11/25/2020,0.747
11/24/2020,0.7484
11/23/2020,0.7505
11/20/2020,0.7528
11/19/2020,0.754
11/18/2020,0.7537
11/17/2020,0.7548
11/16/2020,0.7574
11/13/2020,0.7581
11/12/2020,0.7623
11/11/2020,0.7562
11/10/2020,0.7534
11/9/2020,0.7596
11/6/2020,0.7604
11/5/2020,0.7606
11/4/2020,0.77
11/3/2020,0.7656
11/2/2020,0.7741
10/30/2020,0.7722
10/29/2020,0.7734
10/28/2020,0.7702
10/27/2020,0.7665
10/26/2020,0.7678
10/23/2020,0.7667
10/22/2020,0.7643
10/21/2020,0.7607
10/20/2020,0.7724
10/19/2020,0.7721
10/16/2020,0.7742
10/15/2020,0.7748
10/14/2020,0.7686
10/13/2020,0.773
10/12/2020,0.7653
10/9/2020,0.7665
10/8/2020,0.7729
10/7/2020,0.774
10/6/2020,0.7765
10/5/2020,0.7705
10/2/2020,0.773
10/1/2020,0.7758
9/30/2020,0.7738
9/29/2020,0.7777
9/28/2020,0.7793
9/25/2020,0.7846
9/24/2020,0.7848
9/23/2020,0.7858
9/22/2020,0.7853
9/21/2020,0.7803
9/18/2020,0.7742
9/17/2020,0.7709
9/16/2020,0.7711
9/15/2020,0.7759
9/14/2020,0.7785
9/11/2020,0.7815
9/10/2020,0.7808
9/9/2020,0.7692
9/8/2020,0.7703
9/7/2020,0.7595
9/4/2020,0.753
9/3/2020,0.753
9/2/2020,0.749
9/1/2020,0.7472
8/31/2020,0.748
8/28/2020,0.749
8/27/2020,0.7575
8/26/2020,0.757
8/25/2020,0.7603
8/24/2020,0.7655
8/21/2020,0.7639
8/20/2020,0.7568
8/19/2020,0.7634
8/18/2020,0.7554
8/17/2020,0.7631
8/14/2020,0.7642
8/13/2020,0.7653
8/12/2020,0.7673
8/11/2020,0.7664
8/10/2020,0.765
8/7/2020,0.7662
8/6/2020,0.7609
8/5/2020,0.7625
8/4/2020,0.765
8/3/2020,0.7648
7/31/2020,0.7642
7/30/2020,0.7636
7/29/2020,0.7694
7/28/2020,0.7733
7/27/2020,0.7763
7/24/2020,0.7816
7/23/2020,0.7849
7/22/2020,0.7853
7/21/2020,0.7854
7/20/2020,0.7898
7/17/2020,0.7957
7/16/2020,0.7966
7/15/2020,0.7944
7/14/2020,0.7966
7/13/2020,0.7966
7/10/2020,0.7923
7/9/2020,0.7933
7/8/2020,0.793
7/7/2020,0.7972
7/6/2020,0.8005
7/3/2020,0.8012
7/2/2020,0.802
7/1/2020,0.8016
6/30/2020,0.8064
6/29/2020,0.8131
6/26/2020,0.8106
6/25/2020,0.8052
6/24/2020,0.8051
6/23/2020,0.7987
6/22/2020,0.802
6/19/2020,0.8098
6/18/2020,0.805
6/17/2020,0.7965
6/16/2020,0.7954
6/15/2020,0.7933
6/12/2020,0.7975
6/11/2020,0.7935
6/10/2020,0.7845
6/9/2020,0.7857
6/8/2020,0.7859
6/5/2020,0.7894
6/4/2020,0.7939
6/3/2020,0.7952
6/2/2020,0.7968
6/1/2020,0.8006
5/29/2020,0.8095
5/28/2020,0.8116
5/27/2020,0.8157
5/26/2020,0.8107
5/25/2020,0.8204
5/22/2020,0.8221
5/21/2020,0.8181
5/20/2020,0.8171
5/19/2020,0.8162
5/18/2020,0.82
5/15/2020,0.8262
5/14/2020,0.8175
5/13/2020,0.8172
5/12/2020,0.8157
5/11/2020,0.8108
5/8/2020,0.8061
5/7/2020,0.8089
5/6/2020,0.81
5/5/2020,0.8042
5/4/2020,0.8037
5/1/2020,0.8004
4/30/2020,0.794
4/29/2020,0.8019
4/28/2020,0.8049
4/27/2020,0.8045
4/24/2020,0.8087
4/23/2020,0.81
4/22/2020,0.8108
4/21/2020,0.8135
4/20/2020,0.8042
4/17/2020,0.8
4/16/2020,0.8028
4/15/2020,0.7985
4/14/2020,0.792
4/13/2020,0.7998
4/10/2020,0.8031
4/9/2020,0.8024
4/8/2020,0.8074
4/7/2020,0.8109
4/6/2020,0.8176
4/3/2020,0.8152
4/2/2020,0.8067
4/1/2020,0.8086
3/31/2020,0.8056
3/30/2020,0.8052
3/27/2020,0.8029
3/26/2020,0.8192
3/25/2020,0.8417
3/24/2020,0.8502
3/23/2020,0.8661
3/20/2020,0.8596
3/19/2020,0.8706
3/18/2020,0.8604
3/17/2020,0.8295
3/16/2020,0.8149
3/13/2020,0.8146
3/12/2020,0.7957
3/11/2020,0.7799
3/10/2020,0.7746
3/9/2020,0.7622
3/6/2020,0.7663
3/5/2020,0.772
3/4/2020,0.7768
3/3/2020,0.7805
3/2/2020,0.7841
2/28/2020,0.7801
2/27/2020,0.7761
2/26/2020,0.7751
2/25/2020,0.769
2/24/2020,0.7736
2/21/2020,0.7715
2/20/2020,0.7762
2/19/2020,0.7738
2/18/2020,0.7694
2/17/2020,0.7689
2/14/2020,0.7665
2/13/2020,0.7667
2/12/2020,0.7716
2/11/2020,0.7721
2/10/2020,0.7743
2/7/2020,0.7761
2/6/2020,0.7735
2/5/2020,0.7691
2/4/2020,0.7674
2/3/2020,0.7693
1/31/2020,0.7572
1/30/2020,0.7638
1/29/2020,0.7681
1/28/2020,0.7676
1/27/2020,0.7659
1/24/2020,0.765
1/23/2020,0.7619
1/22/2020,0.7609
1/21/2020,0.7662
1/20/2020,0.7686
1/17/2020,0.7686
1/16/2020,0.7646
1/15/2020,0.7669
1/14/2020,0.7681
1/13/2020,0.7699
1/10/2020,0.7655
1/9/2020,0.7652
1/8/2020,0.7636
1/7/2020,0.762
1/6/2020,0.7593
1/3/2020,0.7643
1/2/2020,0.7611
1/1/2020,0.7546
12/31/2019,0.7543
12/30/2019,0.7627
12/27/2019,0.7645
12/26/2019,0.7695
12/25/2019,0.7719
12/24/2019,0.7724
12/23/2019,0.7731
12/20/2019,0.7692
12/19/2019,0.7687
12/18/2019,0.7646
12/17/2019,0.7616
12/16/2019,0.7499
12/13/2019,0.7503
12/12/2019,0.7596
12/11/2019,0.7579
12/10/2019,0.7601
12/9/2019,0.7607
12/6/2019,0.761
12/5/2019,0.7601
12/4/2019,0.7631
12/3/2019,0.7695
12/2/2019,0.7727
11/29/2019,0.7733
11/28/2019,0.7745
11/27/2019,0.7738
11/26/2019,0.7772
11/25/2019,0.7752
11/22/2019,0.7792
11/21/2019,0.7745
11/20/2019,0.7738
11/19/2019,0.7736
11/18/2019,0.7721
11/15/2019,0.775
11/14/2019,0.7763
11/13/2019,0.7781
11/12/2019,0.7785
11/11/2019,0.778
11/8/2019,0.7828
11/7/2019,0.7803
11/6/2019,0.7779
11/5/2019,0.7762
11/4/2019,0.7761
11/1/2019,0.7729
10/31/2019,0.7728
10/30/2019,0.7752
10/29/2019,0.7771
10/28/2019,0.7775
10/25/2019,0.7796
10/24/2019,0.7781
10/23/2019,0.7744
10/22/2019,0.7769
10/21/2019,0.7716
10/18/2019,0.7707
10/17/2019,0.7757
10/16/2019,0.7795
10/15/2019,0.7821
10/14/2019,0.7932
10/11/2019,0.7907
10/10/2019,0.8037
10/9/2019,0.8193
10/8/2019,0.8184
10/7/2019,0.8135
10/4/2019,0.8108
10/3/2019,0.811
10/2/2019,0.813
10/1/2019,0.8127
9/30/2019,0.8135
9/27/2019,0.8136
9/26/2019,0.8112
9/25/2019,0.8097
9/24/2019,0.8003
9/23/2019,0.8043
9/20/2019,0.8015
9/19/2019,0.7985
9/18/2019,0.8018
9/17/2019,0.8
9/16/2019,0.8045
9/13/2019,0.7999
9/12/2019,0.8107
9/11/2019,0.8112
9/10/2019,0.8094
9/9/2019,0.81
9/6/2019,0.8138
9/5/2019,0.8109
9/4/2019,0.8162
9/3/2019,0.8276
9/2/2019,0.8288
8/30/2019,0.8222
8/29/2019,0.8209
8/28/2019,0.8189
8/27/2019,0.8136
8/26/2019,0.8185
8/23/2019,0.8138
8/22/2019,0.8161
8/21/2019,0.8248
8/20/2019,0.8217
8/19/2019,0.8246
8/16/2019,0.8233
8/15/2019,0.8272
8/14/2019,0.8293
8/13/2019,0.8292
8/12/2019,0.8281
8/9/2019,0.8314
8/8/2019,0.8242
8/7/2019,0.8235
8/6/2019,0.8219
8/5/2019,0.8235
8/2/2019,0.8222
8/1/2019,0.8243
7/31/2019,0.8225
7/30/2019,0.823
7/29/2019,0.8184
7/26/2019,0.8076
7/25/2019,0.8029
7/24/2019,0.801
7/23/2019,0.8039
7/22/2019,0.8015
7/19/2019,0.7998
7/18/2019,0.7969
7/17/2019,0.8043
7/16/2019,0.8059
7/15/2019,0.799
7/12/2019,0.7954
7/11/2019,0.7986
7/10/2019,0.7997
7/9/2019,0.8023
7/8/2019,0.7988
7/5/2019,0.7983
7/4/2019,0.795
7/3/2019,0.7954
7/2/2019,0.7941
7/1/2019,0.7912
6/28/2019,0.7875
6/27/2019,0.789
6/26/2019,0.7881
6/25/2019,0.7881
6/24/2019,0.7848
6/21/2019,0.7847
6/20/2019,0.7873
6/19/2019,0.7909
6/18/2019,0.7963
6/17/2019,0.7978
6/14/2019,0.7942
6/13/2019,0.789
6/12/2019,0.7881
6/11/2019,0.7858
6/10/2019,0.7883
6/7/2019,0.7851
6/6/2019,0.7877
6/5/2019,0.7882
6/4/2019,0.7874
6/3/2019,0.7896
5/31/2019,0.7916
5/30/2019,0.7931
5/29/2019,0.7918
5/28/2019,0.7903
5/27/2019,0.7887
5/24/2019,0.7866
5/23/2019,0.79
5/22/2019,0.7898
5/21/2019,0.787
5/20/2019,0.7859
5/17/2019,0.7861
5/16/2019,0.7814
5/15/2019,0.7784
5/14/2019,0.7749
5/13/2019,0.7717
5/10/2019,0.7691
5/9/2019,0.7688
5/8/2019,0.7688
5/7/2019,0.7648
5/6/2019,0.7635
5/3/2019,0.759
5/2/2019,0.7673
5/1/2019,0.7662
4/30/2019,0.7673
4/29/2019,0.773
4/26/2019,0.7742
4/25/2019,0.7752
4/24/2019,0.7751
4/23/2019,0.7729
4/22/2019,0.7703
4/19/2019,0.7698
4/18/2019,0.7698
4/17/2019,0.7665
4/16/2019,0.7663
4/15/2019,0.7634
4/12/2019,0.7646
4/11/2019,0.766
4/10/2019,0.7641
4/9/2019,0.7661
4/8/2019,0.7656
4/5/2019,0.767
4/4/2019,0.7648
4/3/2019,0.7599
4/2/2019,0.7614
4/1/2019,0.7632
3/29/2019,0.7671
3/28/2019,0.7667
3/27/2019,0.7582
3/26/2019,0.7573
3/25/2019,0.7577
3/22/2019,0.757
3/21/2019,0.7628
3/20/2019,0.7577
3/19/2019,0.7537
3/18/2019,0.7545
3/15/2019,0.7524
3/14/2019,0.7552
3/13/2019,0.7497
3/12/2019,0.765
3/11/2019,0.7604
3/8/2019,0.7684
3/7/2019,0.7641
3/6/2019,0.7593
3/5/2019,0.7588
3/4/2019,0.7587
3/1/2019,0.7572
2/28/2019,0.754
2/27/2019,0.7514
2/26/2019,0.7546
2/25/2019,0.7635
2/22/2019,0.766
2/21/2019,0.7667
2/20/2019,0.7663
2/19/2019,0.7655
2/18/2019,0.7738
2/15/2019,0.7758
2/14/2019,0.7812
2/13/2019,0.7785
2/12/2019,0.7757
2/11/2019,0.7776
2/8/2019,0.7726
2/7/2019,0.7721
2/6/2019,0.7734
2/5/2019,0.7722
2/4/2019,0.7672
2/1/2019,0.7644
1/31/2019,0.7628
1/30/2019,0.7624
1/29/2019,0.7653
1/28/2019,0.76
1/25/2019,0.7576
1/24/2019,0.7654
1/23/2019,0.7652
1/22/2019,0.7718
1/21/2019,0.7757
1/18/2019,0.7767
1/17/2019,0.77
1/16/2019,0.7762
1/15/2019,0.7776
1/14/2019,0.7772
1/11/2019,0.7787
1/10/2019,0.7843
1/9/2019,0.7819
1/8/2019,0.7865
1/7/2019,0.7826
1/4/2019,0.786
1/3/2019,0.7917
1/2/2019,0.7931
1/1/2019,0.7846
12/31/2018,0.7839
12/28/2018,0.7874
12/27/2018,0.7909
12/26/2018,0.7916
12/25/2018,0.7889
12/24/2018,0.7865
12/21/2018,0.7915
12/20/2018,0.7899
12/19/2018,0.7931
12/18/2018,0.7912
12/17/2018,0.7924
12/14/2018,0.7945
12/13/2018,0.7903
12/12/2018,0.7919
12/11/2018,0.8007
12/10/2018,0.7961
12/7/2018,0.7855
12/6/2018,0.7823
12/5/2018,0.7853
12/4/2018,0.786
12/3/2018,0.7859
11/30/2018,0.7843
11/29/2018,0.7819
11/28/2018,0.7798
11/27/2018,0.7846
11/26/2018,0.7807
11/23/2018,0.7804
11/22/2018,0.7766
11/21/2018,0.7826
11/20/2018,0.782
11/19/2018,0.7781
11/16/2018,0.7792
11/15/2018,0.7828
11/14/2018,0.7698
11/13/2018,0.7709
11/12/2018,0.7782
11/9/2018,0.7707
11/8/2018,0.7655
11/7/2018,0.7617
11/6/2018,0.7632
11/5/2018,0.7667
11/2/2018,0.7711
11/1/2018,0.7689
10/31/2018,0.7834
10/30/2018,0.7869
10/29/2018,0.7817
10/26/2018,0.7793
10/25/2018,0.7802
10/24/2018,0.7763
10/23/2018,0.7702
10/22/2018,0.7712
10/19/2018,0.7653
10/18/2018,0.7681
10/17/2018,0.7624
10/16/2018,0.7584
10/15/2018,0.7604
10/12/2018,0.7602
10/11/2018,0.7556
10/10/2018,0.7579
10/9/2018,0.7608
10/8/2018,0.7637
10/5/2018,0.7623
10/4/2018,0.768
10/3/2018,0.7727
10/2/2018,0.7704
10/1/2018,0.7667
9/28/2018,0.7676
9/27/2018,0.7647
9/26/2018,0.7596
9/25/2018,0.7585
9/24/2018,0.7622
9/21/2018,0.7645
9/20/2018,0.7537
9/19/2018,0.7608
9/18/2018,0.7606
9/17/2018,0.76
9/14/2018,0.7653
9/13/2018,0.7629
9/12/2018,0.7665
9/11/2018,0.7674
9/10/2018,0.7677
9/7/2018,0.7739
9/6/2018,0.7734
9/5/2018,0.7748
9/4/2018,0.7779
9/3/2018,0.777
8/31/2018,0.7716
8/30/2018,0.7686
8/29/2018,0.7677
8/28/2018,0.7768
8/27/2018,0.7756
8/24/2018,0.7782
8/23/2018,0.7803
8/22/2018,0.7744
8/21/2018,0.775
8/20/2018,0.7815
8/17/2018,0.7844
8/16/2018,0.7866
8/15/2018,0.7876
8/14/2018,0.7861
8/13/2018,0.7833
8/10/2018,0.783
8/9/2018,0.7797
8/8/2018,0.7762
8/7/2018,0.7728
8/6/2018,0.7726
8/3/2018,0.7692
8/2/2018,0.7682
8/1/2018,0.7618
7/31/2018,0.7619
7/30/2018,0.7615
7/27/2018,0.7633
7/26/2018,0.7628
7/25/2018,0.7581
7/24/2018,0.7608
7/23/2018,0.7633
7/20/2018,0.7614
7/19/2018,0.7684
7/18/2018,0.7651
7/17/2018,0.7625
7/16/2018,0.7555
7/13/2018,0.7558
7/12/2018,0.7572
7/11/2018,0.7572
7/10/2018,0.7533
7/9/2018,0.7542
7/6/2018,0.7526
7/5/2018,0.7565
7/4/2018,0.7558
7/3/2018,0.7579
7/2/2018,0.7609
6/29/2018,0.7572
6/28/2018,0.7647
6/27/2018,0.7626
6/26/2018,0.7563
6/25/2018,0.753
6/22/2018,0.7537
6/21/2018,0.7553
6/20/2018,0.7591
6/19/2018,0.7591
6/18/2018,0.755
6/15/2018,0.7529
6/14/2018,0.7542
6/13/2018,0.7476
6/12/2018,0.748
6/11/2018,0.7473
6/8/2018,0.7461
6/7/2018,0.745
6/6/2018,0.7456
6/5/2018,0.7465
6/4/2018,0.7511
6/1/2018,0.7491
5/31/2018,0.7521
5/30/2018,0.7529
5/29/2018,0.7546
5/28/2018,0.7513
5/25/2018,0.7519
5/24/2018,0.7473
5/23/2018,0.7491
5/22/2018,0.7445
5/21/2018,0.7449
5/18/2018,0.7426
5/17/2018,0.7398
5/16/2018,0.7413
5/15/2018,0.7405
5/14/2018,0.7377
5/11/2018,0.7384
5/10/2018,0.7397
5/9/2018,0.7381
5/8/2018,0.7381
5/7/2018,0.7376
5/4/2018,0.739
5/3/2018,0.7366
5/2/2018,0.7367
5/1/2018,0.7345
4/30/2018,0.7265
4/27/2018,0.7256
4/26/2018,0.7186
4/25/2018,0.7178
4/24/2018,0.7154
4/23/2018,0.7174
4/20/2018,0.7143
4/19/2018,0.71
4/18/2018,0.704
4/17/2018,0.6999
4/16/2018,0.6974
4/13/2018,0.7022
4/12/2018,0.7029
4/11/2018,0.7054
4/10/2018,0.7054
4/9/2018,0.7077
4/6/2018,0.7096
4/5/2018,0.7141
4/4/2018,0.7102
4/3/2018,0.7113
4/2/2018,0.712
3/30/2018,0.7134
3/29/2018,0.7132
3/28/2018,0.7104
3/27/2018,0.7063
3/26/2018,0.7028
3/23/2018,0.7076
3/22/2018,0.7095
3/21/2018,0.7071
3/20/2018,0.7144
3/19/2018,0.713
3/16/2018,0.7171
3/15/2018,0.7175
3/14/2018,0.7163
3/13/2018,0.7162
3/12/2018,0.7191
3/9/2018,0.7221
3/8/2018,0.724
3/7/2018,0.7194
3/6/2018,0.72
3/5/2018,0.7221
3/2/2018,0.7246
3/1/2018,0.7259
2/28/2018,0.7268
2/27/2018,0.7189
2/26/2018,0.716
2/23/2018,0.7161
2/22/2018,0.7166
2/21/2018,0.7185
2/20/2018,0.7145
2/19/2018,0.7142
2/16/2018,0.7124
2/15/2018,0.7093
2/14/2018,0.7143
2/13/2018,0.7199
2/12/2018,0.7227
2/9/2018,0.7232
2/8/2018,0.7188
2/7/2018,0.7204
2/6/2018,0.7168
2/5/2018,0.7163
2/2/2018,0.7082
2/1/2018,0.701
1/31/2018,0.7046
1/30/2018,0.7068
1/29/2018,0.7105
1/26/2018,0.7065
1/25/2018,0.7073
1/24/2018,0.7022
1/23/2018,0.7143
1/22/2018,0.7149
1/19/2018,0.7219
1/18/2018,0.7197
1/17/2018,0.7229
1/16/2018,0.7251
1/15/2018,0.725
1/12/2018,0.7284
1/11/2018,0.7385
1/10/2018,0.7403
1/9/2018,0.7385
1/8/2018,0.737
1/5/2018,0.737
1/4/2018,0.7379
1/3/2018,0.7398
1/2/2018,0.7358
1/1/2018,0.7406
12/29/2017,0.7402
12/28/2017,0.7439
12/27/2017,0.7463
12/26/2017,0.7477
12/25/2017,0.7478
12/22/2017,0.7484
12/21/2017,0.747
12/20/2017,0.7476
12/19/2017,0.7471
12/18/2017,0.7473
12/15/2017,0.7505
12/14/2017,0.7445
12/13/2017,0.7453
12/12/2017,0.7508
12/11/2017,0.7496
12/8/2017,0.7472
12/7/2017,0.7421
12/6/2017,0.7468
12/5/2017,0.7439
12/4/2017,0.7419
12/1/2017,0.742
11/30/2017,0.7393
11/29/2017,0.7457
11/28/2017,0.7497
11/27/2017,0.7508
11/24/2017,0.7497
11/23/2017,0.7514
11/22/2017,0.7504
11/21/2017,0.7554
11/20/2017,0.7556
11/17/2017,0.7566
11/16/2017,0.758
11/15/2017,0.7592
11/14/2017,0.7596
11/13/2017,0.7624
11/10/2017,0.7581
11/9/2017,0.7607
11/8/2017,0.7624
11/7/2017,0.7595
11/6/2017,0.7592
11/3/2017,0.7647
11/2/2017,0.7658
11/1/2017,0.755
10/31/2017,0.7528
10/30/2017,0.7571
10/27/2017,0.7617
10/26/2017,0.7599
10/25/2017,0.7539
10/24/2017,0.7614
10/23/2017,0.7577
10/20/2017,0.7582
10/19/2017,0.7599
10/18/2017,0.7573
10/17/2017,0.7581
10/16/2017,0.7546
10/13/2017,0.7528
10/12/2017,0.754
10/11/2017,0.7562
10/10/2017,0.7574
10/9/2017,0.7609
10/6/2017,0.7652
10/5/2017,0.7622
10/4/2017,0.7549
10/3/2017,0.7554
10/2/2017,0.7532
9/29/2017,0.7465
9/28/2017,0.7439
9/27/2017,0.747
9/26/2017,0.743
9/25/2017,0.7425
9/22/2017,0.7408
9/21/2017,0.7363
9/20/2017,0.7411
9/19/2017,0.7401
9/18/2017,0.7409
9/15/2017,0.7358
9/14/2017,0.7464
9/13/2017,0.757
9/12/2017,0.7528
9/11/2017,0.7597
9/8/2017,0.7579
9/7/2017,0.7633
9/6/2017,0.7667
9/5/2017,0.7673
9/4/2017,0.7733
9/1/2017,0.7721
8/31/2017,0.7736
8/30/2017,0.7737
8/29/2017,0.774
8/28/2017,0.7732
8/25/2017,0.7762
8/24/2017,0.7812
8/23/2017,0.7812
8/22/2017,0.7798
8/21/2017,0.7753
8/18/2017,0.7768
8/17/2017,0.7772
8/16/2017,0.7757
8/15/2017,0.777
8/14/2017,0.7714
8/11/2017,0.7686
8/10/2017,0.7706
8/9/2017,0.769
8/8/2017,0.7697
8/7/2017,0.7672
8/4/2017,0.7669
8/3/2017,0.7611
8/2/2017,0.7562
8/1/2017,0.7573
7/31/2017,0.7567
7/28/2017,0.7613
7/27/2017,0.7654
7/26/2017,0.762
7/25/2017,0.7678
7/24/2017,0.7675
7/21/2017,0.7694
7/20/2017,0.7708
7/19/2017,0.7678
7/18/2017,0.7669
7/17/2017,0.7659
7/14/2017,0.7633
7/13/2017,0.7728
7/12/2017,0.7761
7/11/2017,0.7783
7/10/2017,0.7763
7/7/2017,0.7758
7/6/2017,0.7709
7/5/2017,0.7732
7/4/2017,0.7739
7/3/2017,0.7728
6/30/2017,0.7677
6/29/2017,0.7688
6/28/2017,0.7736
6/27/2017,0.7804
6/26/2017,0.786
6/23/2017,0.7863
6/22/2017,0.7885
6/21/2017,0.7892
6/20/2017,0.7919
6/19/2017,0.7851
6/16/2017,0.7824
6/15/2017,0.784
6/14/2017,0.7842
6/13/2017,0.7841
6/12/2017,0.7899
6/9/2017,0.7848
6/8/2017,0.7719
6/7/2017,0.7716
6/6/2017,0.7745
6/5/2017,0.7749
6/2/2017,0.7758
6/1/2017,0.7763
5/31/2017,0.7758
5/30/2017,0.7777
5/29/2017,0.7788
5/26/2017,0.7809
5/25/2017,0.7727
5/24/2017,0.7708
5/23/2017,0.7716
5/22/2017,0.7693
5/19/2017,0.7671
5/18/2017,0.7726
5/17/2017,0.7709
5/16/2017,0.7741
5/15/2017,0.7754
5/12/2017,0.7759
5/11/2017,0.7759
5/10/2017,0.7729
5/9/2017,0.7731
5/8/2017,0.7728
5/5/2017,0.7703
5/4/2017,0.7737
5/3/2017,0.7772
5/2/2017,0.7729
5/1/2017,0.776
4/28/2017,0.7722
4/27/2017,0.775
4/26/2017,0.7783
4/25/2017,0.7791
4/24/2017,0.7815
4/21/2017,0.7804
4/20/2017,0.7804
4/19/2017,0.7826
4/18/2017,0.7788
4/17/2017,0.7959
4/14/2017,0.7983
4/13/2017,0.7998
4/12/2017,0.7975
4/11/2017,0.8006
4/10/2017,0.8054
4/7/2017,0.8083
4/6/2017,0.802
4/5/2017,0.8011
4/4/2017,0.8039
4/3/2017,0.8009
3/31/2017,0.7968
3/30/2017,0.802
3/29/2017,0.8041
3/28/2017,0.8031
3/27/2017,0.7963
3/24/2017,0.8018
3/23/2017,0.7987
3/22/2017,0.801
3/21/2017,0.8014
3/20/2017,0.8092
3/17/2017,0.8067
3/16/2017,0.809
3/15/2017,0.8161
3/14/2017,0.8227
3/13/2017,0.8185
3/10/2017,0.8222
3/9/2017,0.8221
3/8/2017,0.8218
3/7/2017,0.8196
3/6/2017,0.8172
3/3/2017,0.8133
3/2/2017,0.8152
3/1/2017,0.8134
2/28/2017,0.8078
2/27/2017,0.8037
2/24/2017,0.8024
2/23/2017,0.7965
2/22/2017,0.8034
2/21/2017,0.8017
2/20/2017,0.8024
2/17/2017,0.8057
2/16/2017,0.8007
2/15/2017,0.8024
2/14/2017,0.802
2/13/2017,0.7983
2/10/2017,0.8006
2/9/2017,0.8003
2/8/2017,0.7974
2/7/2017,0.7993
2/6/2017,0.8021
2/3/2017,0.8011
2/2/2017,0.7982
2/1/2017,0.79
1/31/2017,0.7949
1/30/2017,0.8009
1/27/2017,0.7967
1/26/2017,0.794
1/25/2017,0.7915
1/24/2017,0.7987
1/23/2017,0.7977
1/20/2017,0.8083
1/19/2017,0.8103
1/18/2017,0.8156
1/17/2017,0.8055
1/16/2017,0.83
1/13/2017,0.821
1/12/2017,0.8222
1/11/2017,0.8189
1/10/2017,0.8212
1/9/2017,0.8222
1/6/2017,0.814
1/5/2017,0.8052
1/4/2017,0.8115
1/3/2017,0.8172
1/2/2017,0.8145
12/30/2016,0.8101
12/29/2016,0.8155
12/28/2016,0.8179
12/27/2016,0.8149
12/26/2016,0.814
12/23/2016,0.8139
12/22/2016,0.8141
12/21/2016,0.8095
12/20/2016,0.8085
12/19/2016,0.807
12/16/2016,0.8008
12/15/2016,0.8052
12/14/2016,0.7959
12/13/2016,0.7901
12/12/2016,0.7889
12/9/2016,0.7952
12/8/2016,0.7945
12/7/2016,0.792
12/6/2016,0.7888
12/5/2016,0.7855
12/2/2016,0.7856
12/1/2016,0.7942
11/30/2016,0.7996
11/29/2016,0.8005
11/28/2016,0.8054
11/25/2016,0.8013
11/24/2016,0.8031
11/23/2016,0.8038
11/22/2016,0.805
11/21/2016,0.8004
11/18/2016,0.81
11/17/2016,0.8053
11/16/2016,0.8037
11/15/2016,0.803
11/14/2016,0.8006
11/11/2016,0.7937
11/10/2016,0.7965
11/9/2016,0.806
11/8/2016,0.8077
11/7/2016,0.8066
11/4/2016,0.7988
11/3/2016,0.8024
11/2/2016,0.8128
11/1/2016,0.8168
10/31/2016,0.8169
10/28/2016,0.8204
10/27/2016,0.8221
10/26/2016,0.8165
10/25/2016,0.8204
10/24/2016,0.8171
10/21/2016,0.8176
10/20/2016,0.816
10/19/2016,0.8139
10/18/2016,0.8131
10/17/2016,0.8209
10/14/2016,0.8205
10/13/2016,0.816
10/12/2016,0.8192
10/11/2016,0.8248
10/10/2016,0.8089
10/7/2016,0.8042
10/6/2016,0.7927
10/5/2016,0.7843
10/4/2016,0.7856
10/3/2016,0.7787
9/30/2016,0.7705
9/29/2016,0.7712
9/28/2016,0.7681
9/27/2016,0.7678
9/26/2016,0.7707
9/23/2016,0.7711
9/22/2016,0.7646
9/21/2016,0.7673
9/20/2016,0.77
9/19/2016,0.7675
9/16/2016,0.7691
9/15/2016,0.7554
9/14/2016,0.7556
9/13/2016,0.7579
9/12/2016,0.7499
9/9/2016,0.7538
9/8/2016,0.7522
9/7/2016,0.7495
9/6/2016,0.7441
9/5/2016,0.7517
9/2/2016,0.7522
9/1/2016,0.7537
8/31/2016,0.7611
8/30/2016,0.7645
8/29/2016,0.763
8/26/2016,0.7612
8/25/2016,0.758
8/24/2016,0.7557
8/23/2016,0.7577
8/22/2016,0.7612
8/19/2016,0.7649
8/18/2016,0.7594
8/17/2016,0.7668
8/16/2016,0.7665
8/15/2016,0.7763
8/12/2016,0.774
8/11/2016,0.7718
8/10/2016,0.7687
8/9/2016,0.7691
8/8/2016,0.7668
8/5/2016,0.765
8/4/2016,0.7629
8/3/2016,0.7505
8/2/2016,0.7487
8/1/2016,0.7588
7/29/2016,0.756
7/28/2016,0.7597
7/27/2016,0.7563
7/26/2016,0.7617
7/25/2016,0.7611
7/22/2016,0.7629
7/21/2016,0.7559
7/20/2016,0.7571
7/19/2016,0.7628
7/18/2016,0.7544
7/15/2016,0.7583
7/14/2016,0.7494
7/13/2016,0.7606
7/12/2016,0.7549
7/11/2016,0.7692
7/8/2016,0.7721
7/7/2016,0.7747
7/6/2016,0.7733
7/5/2016,0.7679
7/4/2016,0.7525
7/1/2016,0.7535
6/30/2016,0.7512
6/29/2016,0.7448
6/28/2016,0.7494
6/27/2016,0.756
6/24/2016,0.7314
6/23/2016,0.6722
6/22/2016,0.6799
6/21/2016,0.6825
6/20/2016,0.6808
6/17/2016,0.6964
6/16/2016,0.7041
6/15/2016,0.704
6/14/2016,0.7084
6/13/2016,0.7007
6/10/2016,0.7015
6/9/2016,0.6917
6/8/2016,0.6894
6/7/2016,0.6875
6/6/2016,0.6925
6/3/2016,0.6888
6/2/2016,0.6933
6/1/2016,0.6937
5/31/2016,0.6905
5/30/2016,0.6831
5/27/2016,0.6839
5/26/2016,0.6817
5/25/2016,0.6804
5/24/2016,0.6833
5/23/2016,0.6904
5/20/2016,0.6897
5/19/2016,0.6844
5/18/2016,0.685
5/17/2016,0.6914
5/16/2016,0.6944
5/13/2016,0.6963
5/12/2016,0.692
5/11/2016,0.6922
5/10/2016,0.6923
5/9/2016,0.6941
5/6/2016,0.6931
5/5/2016,0.6904
5/4/2016,0.6899
5/3/2016,0.688
5/2/2016,0.6815
4/29/2016,0.6844
4/28/2016,0.6846
4/27/2016,0.6876
4/26/2016,0.6858
4/25/2016,0.6905
4/22/2016,0.6941
4/21/2016,0.6982
4/20/2016,0.6978
4/19/2016,0.6945
4/18/2016,0.7004
4/15/2016,0.704
4/14/2016,0.7064
4/13/2016,0.704
4/12/2016,0.7005
4/11/2016,0.7024
4/8/2016,0.7079
4/7/2016,0.7114
4/6/2016,0.7081
4/5/2016,0.7062
4/4/2016,0.7011
4/1/2016,0.7029
3/31/2016,0.6963
3/30/2016,0.6955
3/29/2016,0.6951
3/28/2016,0.7016
3/25/2016,0.7075
3/24/2016,0.7066
3/23/2016,0.7084
3/22/2016,0.7038
3/21/2016,0.6959
3/18/2016,0.6908
3/17/2016,0.6905
3/16/2016,0.7012
3/15/2016,0.7067
3/14/2016,0.6992
3/11/2016,0.6954
3/10/2016,0.7003
3/9/2016,0.7034
3/8/2016,0.7034
3/7/2016,0.701
3/4/2016,0.7029
3/3/2016,0.7055
3/2/2016,0.7103
3/1/2016,0.7169
2/29/2016,0.7185
2/26/2016,0.7208
2/25/2016,0.7162
2/24/2016,0.7181
2/23/2016,0.7132
2/22/2016,0.7067
2/19/2016,0.6941
2/18/2016,0.6973
2/17/2016,0.6997
2/16/2016,0.699
2/15/2016,0.6928
2/12/2016,0.6894
2/11/2016,0.6908
2/10/2016,0.6885
2/9/2016,0.691
2/8/2016,0.6929
2/5/2016,0.6896
2/4/2016,0.6854
2/3/2016,0.6848
2/2/2016,0.694
2/1/2016,0.6928
1/29/2016,0.702
1/28/2016,0.6963
1/27/2016,0.7026
1/26/2016,0.6969
1/25/2016,0.7018
1/22/2016,0.7011
1/21/2016,0.7032
1/20/2016,0.7047
1/19/2016,0.7063
1/18/2016,0.7021
1/15/2016,0.7015
1/14/2016,0.6938
1/13/2016,0.6941
1/12/2016,0.6921
1/11/2016,0.6876
1/8/2016,0.6888
1/7/2016,0.6841
1/6/2016,0.6835
1/5/2016,0.6815
1/4/2016,0.6795
1/1/2016,0.6768
12/31/2015,0.6786
12/30/2015,0.675
12/29/2015,0.6749
12/28/2015,0.6721
12/25/2015,0.674
12/24/2015,0.6707
12/23/2015,0.6725
12/22/2015,0.6744
12/21/2015,0.6718
12/18/2015,0.6713
12/17/2015,0.671
12/16/2015,0.6665
12/15/2015,0.6649
12/14/2015,0.6604
12/11/2015,0.6567
12/10/2015,0.6596
12/9/2015,0.6587
12/8/2015,0.6663
12/7/2015,0.6642
12/4/2015,0.6617
12/3/2015,0.6603
12/2/2015,0.6688
12/1/2015,0.663
11/30/2015,0.6642
11/27/2015,0.665
11/26/2015,0.6622
11/25/2015,0.661
11/24/2015,0.663
11/23/2015,0.6613
11/20/2015,0.6583
11/19/2015,0.654
11/18/2015,0.6563
11/17/2015,0.6573
11/16/2015,0.6578
11/13/2015,0.6563
11/12/2015,0.6565
11/11/2015,0.6573
11/10/2015,0.6614
11/9/2015,0.6616
11/6/2015,0.6645
11/5/2015,0.6575
11/4/2015,0.65
11/3/2015,0.6485
11/2/2015,0.6486
10/30/2015,0.6481
10/29/2015,0.6532
10/28/2015,0.6552
10/27/2015,0.6536
10/26/2015,0.6514
10/23/2015,0.653
10/22/2015,0.6496
10/21/2015,0.6486
10/20/2015,0.6475
10/19/2015,0.6466
10/16/2015,0.6477
10/15/2015,0.6469
10/14/2015,0.6461
10/13/2015,0.6558
10/12/2015,0.6515
10/9/2015,0.6529
10/8/2015,0.6515
10/7/2015,0.6528
10/6/2015,0.6567
10/5/2015,0.6602
10/2/2015,0.6588
10/1/2015,0.6609
9/30/2015,0.661
9/29/2015,0.66
9/28/2015,0.6591
9/25/2015,0.6589
9/24/2015,0.656
9/23/2015,0.656
9/22/2015,0.6508
9/21/2015,0.6449
9/18/2015,0.6439
9/17/2015,0.6414
9/16/2015,0.6454
9/15/2015,0.6517
9/14/2015,0.6482
9/11/2015,0.6481
9/10/2015,0.6475
9/9/2015,0.6507
9/8/2015,0.6495
9/7/2015,0.6547
9/4/2015,0.6592
9/3/2015,0.6554
9/2/2015,0.6536
9/1/2015,0.6534
8/31/2015,0.6517
8/28/2015,0.6498
8/27/2015,0.6492
8/26/2015,0.6467
8/25/2015,0.6375
8/24/2015,0.6339
8/21/2015,0.6371
8/20/2015,0.6374
8/19/2015,0.6378
8/18/2015,0.6386
8/17/2015,0.6416
8/14/2015,0.6393
8/13/2015,0.6406
8/12/2015,0.6405
8/11/2015,0.6422
8/10/2015,0.6413
8/7/2015,0.6454
8/6/2015,0.6446
8/5/2015,0.6409
8/4/2015,0.6425
8/3/2015,0.6416
7/31/2015,0.6401
7/30/2015,0.641
7/29/2015,0.6408
7/28/2015,0.6405
7/27/2015,0.6427
7/24/2015,0.6448
7/23/2015,0.6446
7/22/2015,0.6405
7/21/2015,0.6428
7/20/2015,0.6425
7/17/2015,0.6408
7/16/2015,0.6406
7/15/2015,0.6394
7/14/2015,0.6395
7/13/2015,0.6457
7/10/2015,0.6444
7/9/2015,0.6502
7/8/2015,0.651
7/7/2015,0.6468
7/6/2015,0.6408
7/3/2015,0.6423
7/2/2015,0.6406
7/1/2015,0.6403
6/30/2015,0.6367
6/29/2015,0.6354
6/26/2015,0.635
6/25/2015,0.6351
6/24/2015,0.6367
6/23/2015,0.6358
6/22/2015,0.6319
6/19/2015,0.6298
6/18/2015,0.6297
6/17/2015,0.6316
6/16/2015,0.639
6/15/2015,0.641
6/12/2015,0.6426
6/11/2015,0.6445
6/10/2015,0.6439
6/9/2015,0.65
6/8/2015,0.6515
6/5/2015,0.655
6/4/2015,0.6508
6/3/2015,0.6519
6/2/2015,0.6517
6/1/2015,0.6578
5/29/2015,0.6539
5/28/2015,0.653
5/27/2015,0.6513
5/26/2015,0.6501
5/25/2015,0.6464
5/22/2015,0.6455
5/21/2015,0.6385
5/20/2015,0.6437
5/19/2015,0.6447
5/18/2015,0.6389
5/15/2015,0.6359
5/14/2015,0.6339
5/13/2015,0.6351
5/12/2015,0.6381
5/11/2015,0.6416
5/8/2015,0.6478
5/7/2015,0.6558
5/6/2015,0.6559
5/5/2015,0.6587
5/4/2015,0.6614
5/1/2015,0.6603
4/30/2015,0.6514
4/29/2015,0.6477
4/28/2015,0.652
4/27/2015,0.6563
4/24/2015,0.6584
4/23/2015,0.6641
4/22/2015,0.665
4/21/2015,0.67
4/20/2015,0.6708
4/17/2015,0.6683
4/16/2015,0.6696
4/15/2015,0.6737
4/14/2015,0.6765
4/13/2015,0.6814
4/10/2015,0.6834
4/9/2015,0.6796
4/8/2015,0.6726
4/7/2015,0.6753
4/6/2015,0.672
4/3/2015,0.6702
4/2/2015,0.6744
4/1/2015,0.6746
3/31/2015,0.6748
3/30/2015,0.6751
3/27/2015,0.6724
3/26/2015,0.6734
3/25/2015,0.672
3/24/2015,0.6734
3/23/2015,0.6687
3/20/2015,0.6687
3/19/2015,0.6778
3/18/2015,0.6676
3/17/2015,0.678
3/16/2015,0.6744
3/13/2015,0.6782
3/12/2015,0.6719
3/11/2015,0.6698
3/10/2015,0.6636
3/9/2015,0.661
3/6/2015,0.6649
3/5/2015,0.6562
3/4/2015,0.6551
3/3/2015,0.651
3/2/2015,0.6508
2/27/2015,0.648
2/26/2015,0.6491
2/25/2015,0.644
2/24/2015,0.6471
2/23/2015,0.647
2/20/2015,0.6494
2/19/2015,0.6487
2/18/2015,0.6478
2/17/2015,0.6513
2/16/2015,0.6509
2/13/2015,0.6497
2/12/2015,0.65
2/11/2015,0.6562
2/10/2015,0.6556
2/9/2015,0.6573
2/6/2015,0.6559
2/5/2015,0.6524
2/4/2015,0.6587
2/3/2015,0.6594
2/2/2015,0.665
1/30/2015,0.6638
1/29/2015,0.6637
1/28/2015,0.6606
1/27/2015,0.658
1/26/2015,0.6631
1/23/2015,0.667
1/22/2015,0.6662
1/21/2015,0.6604
1/20/2015,0.6602
1/19/2015,0.6617
1/16/2015,0.6602
1/15/2015,0.6585
1/14/2015,0.6564
1/13/2015,0.6596
1/12/2015,0.6591
1/9/2015,0.6597
1/8/2015,0.6627
1/7/2015,0.6617
1/6/2015,0.66
1/5/2015,0.6557
1/2/2015,0.6523
1/1/2015,0.6417
12/31/2014,0.6419
12/30/2014,0.6425
12/29/2014,0.6444
12/26/2014,0.6427
12/25/2014,0.6428
12/24/2014,0.6428
12/23/2014,0.6443
12/22/2014,0.6415
12/19/2014,0.6399
12/18/2014,0.6382
12/17/2014,0.642
12/16/2014,0.6349
12/15/2014,0.6395
12/12/2014,0.6363
12/11/2014,0.6357
12/10/2014,0.6363
12/9/2014,0.6383
12/8/2014,0.6389
12/5/2014,0.6416
12/4/2014,0.638
12/3/2014,0.6376
12/2/2014,0.6394
12/1/2014,0.6357
11/28/2014,0.6389
11/27/2014,0.6355
11/26/2014,0.6332
11/25/2014,0.6368
11/24/2014,0.6367
11/21/2014,0.6387
11/20/2014,0.6372
11/19/2014,0.6377
11/18/2014,0.6397
11/17/2014,0.6394
11/14/2014,0.6382
11/13/2014,0.6365
11/12/2014,0.6338
11/11/2014,0.6282
11/10/2014,0.6312
11/7/2014,0.6302
11/6/2014,0.6316
11/5/2014,0.6259
11/4/2014,0.6249
11/3/2014,0.6262
10/31/2014,0.6252
10/30/2014,0.6249
10/29/2014,0.6245
10/28/2014,0.6199
10/27/2014,0.6203
10/24/2014,0.6216
10/23/2014,0.6239
10/22/2014,0.6231
10/21/2014,0.6206
10/20/2014,0.6187
10/17/2014,0.6215
10/16/2014,0.6215
10/15/2014,0.6242
10/14/2014,0.6288
10/13/2014,0.6217
10/10/2014,0.622
10/9/2014,0.6205
10/8/2014,0.6185
10/7/2014,0.6213
10/6/2014,0.6218
10/3/2014,0.6263
10/2/2014,0.6194
10/1/2014,0.6178
9/30/2014,0.6168
9/29/2014,0.6157
9/26/2014,0.6155
9/25/2014,0.6129
9/24/2014,0.612
9/23/2014,0.6102
9/22/2014,0.6112
9/19/2014,0.614
9/18/2014,0.6101
9/17/2014,0.6144
9/16/2014,0.6144
9/15/2014,0.616
9/12/2014,0.6147
9/11/2014,0.6151
9/10/2014,0.6169
9/9/2014,0.6209
9/8/2014,0.6209
9/5/2014,0.6125
9/4/2014,0.6123
9/3/2014,0.6075
9/2/2014,0.6072
9/1/2014,0.6021
8/29/2014,0.6025
8/28/2014,0.6029
8/27/2014,0.6033
8/26/2014,0.6046
8/25/2014,0.6032
8/22/2014,0.6034
8/21/2014,0.6032
8/20/2014,0.6026
8/19/2014,0.6018
8/18/2014,0.5978
8/15/2014,0.599
8/14/2014,0.5993
8/13/2014,0.5992
8/12/2014,0.5948
8/11/2014,0.5957
8/8/2014,0.5961
8/7/2014,0.5941
8/6/2014,0.5933
8/5/2014,0.5922
8/4/2014,0.593
8/1/2014,0.5945
7/31/2014,0.5922
7/30/2014,0.5913
7/29/2014,0.5902
7/28/2014,0.5888
7/25/2014,0.5891
7/24/2014,0.5887
7/23/2014,0.5867
7/22/2014,0.586
7/21/2014,0.5857
7/18/2014,0.5852
7/17/2014,0.5847
7/16/2014,0.5835
7/15/2014,0.5833
7/14/2014,0.5853
7/11/2014,0.5844
7/10/2014,0.5837
7/9/2014,0.5828
7/8/2014,0.5837
7/7/2014,0.5838
7/4/2014,0.5828
7/3/2014,0.5829
7/2/2014,0.5826
7/1/2014,0.5831
6/30/2014,0.5846
6/27/2014,0.587
6/26/2014,0.5873
6/25/2014,0.5888
6/24/2014,0.5887
6/23/2014,0.5873
6/20/2014,0.5878
6/19/2014,0.5869
6/18/2014,0.5884
6/17/2014,0.5895
6/16/2014,0.5888
6/13/2014,0.5895
6/12/2014,0.5907
6/11/2014,0.5957
6/10/2014,0.5968
6/9/2014,0.5951
6/6/2014,0.5952
6/5/2014,0.5945
6/4/2014,0.5975
6/3/2014,0.5971
6/2/2014,0.5972
5/30/2014,0.5967
5/29/2014,0.5982
5/28/2014,0.5984
5/27/2014,0.5949
5/26/2014,0.5937
5/23/2014,0.594
5/22/2014,0.5927
5/21/2014,0.5917
5/20/2014,0.5939
5/19/2014,0.5947
5/16/2014,0.5947
5/15/2014,0.5956
5/14/2014,0.5964
5/13/2014,0.5943
5/12/2014,0.5928
5/9/2014,0.5934
5/8/2014,0.5906
5/7/2014,0.5899
5/6/2014,0.5891
5/5/2014,0.5929
5/2/2014,0.5927
5/1/2014,0.592
4/30/2014,0.5927
4/29/2014,0.5943
4/28/2014,0.595
4/25/2014,0.5951
4/24/2014,0.5951
4/23/2014,0.5959
4/22/2014,0.5944
4/21/2014,0.5955
4/18/2014,0.5955
4/17/2014,0.5954
4/16/2014,0.5954
4/15/2014,0.5977
4/14/2014,0.5978
4/11/2014,0.5977
4/10/2014,0.5958
4/9/2014,0.5955
4/8/2014,0.5971
4/7/2014,0.6021
4/4/2014,0.6033
4/3/2014,0.6025
4/2/2014,0.6015
4/1/2014,0.6013
3/31/2014,0.6001
3/28/2014,0.601
3/27/2014,0.602
3/26/2014,0.6031
3/25/2014,0.605
3/24/2014,0.6061
3/21/2014,0.6066
3/20/2014,0.6059
3/19/2014,0.6046
3/18/2014,0.6027
3/17/2014,0.6011
3/14/2014,0.6007
3/13/2014,0.6015
3/12/2014,0.6018
3/11/2014,0.6018
3/10/2014,0.6008
3/7/2014,0.5983
3/6/2014,0.5974
3/5/2014,0.598
3/4/2014,0.6001
3/3/2014,0.6
2/28/2014,0.5972
2/27/2014,0.5993
2/26/2014,0.5998
2/25/2014,0.5995
2/24/2014,0.6004
2/21/2014,0.6018
2/20/2014,0.6006
2/19/2014,0.5995
2/18/2014,0.5994
2/17/2014,0.5983
2/14/2014,0.5971
2/13/2014,0.6003
2/12/2014,0.6026
2/11/2014,0.6079
2/10/2014,0.6096
2/7/2014,0.6093
2/6/2014,0.6127
2/5/2014,0.6131
2/4/2014,0.6125
2/3/2014,0.6133
1/31/2014,0.6083
1/30/2014,0.6066
1/29/2014,0.6037
1/28/2014,0.6031
1/27/2014,0.603
1/24/2014,0.6067
1/23/2014,0.601
1/22/2014,0.6033
1/21/2014,0.6069
1/20/2014,0.6087
1/17/2014,0.6088
1/16/2014,0.6115
1/15/2014,0.6109
1/14/2014,0.6083
1/13/2014,0.6104
1/10/2014,0.6067
1/9/2014,0.6068
1/8/2014,0.608
1/7/2014,0.6097
1/6/2014,0.6096
1/3/2014,0.6092
1/2/2014,0.6078
1/1/2014,0.6036
12/31/2013,0.604
12/30/2013,0.606
12/27/2013,0.6067
12/26/2013,0.6093
12/25/2013,0.6116
12/24/2013,0.6109
12/23/2013,0.6114
12/20/2013,0.6122
12/19/2013,0.6109
12/18/2013,0.6101
12/17/2013,0.6149
12/16/2013,0.6136
12/13/2013,0.6136
12/12/2013,0.6116
12/11/2013,0.6107
12/10/2013,0.6081
12/9/2013,0.6087
12/6/2013,0.6116
12/5/2013,0.6122
12/4/2013,0.6104
12/3/2013,0.6101
12/2/2013,0.6114
11/29/2013,0.611
11/28/2013,0.6118
11/27/2013,0.614
11/26/2013,0.6167
11/25/2013,0.619
11/22/2013,0.6163
11/21/2013,0.6173
11/20/2013,0.6209
11/19/2013,0.6203
11/18/2013,0.6208
11/15/2013,0.6205
11/14/2013,0.6224
11/13/2013,0.6228
11/12/2013,0.6288
11/11/2013,0.6254
11/8/2013,0.6243
11/7/2013,0.6213
11/6/2013,0.6219
11/5/2013,0.6232
11/4/2013,0.6262
11/1/2013,0.6279
10/31/2013,0.6235
10/30/2013,0.6235
10/29/2013,0.6232
10/28/2013,0.6195
10/25/2013,0.6185
10/24/2013,0.6172
10/23/2013,0.6187
10/22/2013,0.6159
10/21/2013,0.6193
10/18/2013,0.6185
10/17/2013,0.6186
10/16/2013,0.6269
10/15/2013,0.6251
10/14/2013,0.6257
10/11/2013,0.6268
10/10/2013,0.6263
10/9/2013,0.6267
10/8/2013,0.6218
10/7/2013,0.6213
10/4/2013,0.6245
10/3/2013,0.619
10/2/2013,0.6164
10/1/2013,0.6174
9/30/2013,0.6178
9/27/2013,0.6196
9/26/2013,0.6234
9/25/2013,0.6218
9/24/2013,0.6248
9/23/2013,0.6234
9/20/2013,0.6247
9/19/2013,0.6238
9/18/2013,0.6194
9/17/2013,0.6288
9/16/2013,0.6291
9/13/2013,0.6299
9/12/2013,0.6327
9/11/2013,0.6321
9/10/2013,0.6356
9/9/2013,0.6372
9/6/2013,0.6398
9/5/2013,0.6414
9/4/2013,0.64
9/3/2013,0.6428
9/2/2013,0.6433
8/30/2013,0.6451
8/29/2013,0.645
8/28/2013,0.6441
8/27/2013,0.6432
8/26/2013,0.642
8/23/2013,0.6423
8/22/2013,0.6415
8/21/2013,0.6386
8/20/2013,0.6383
8/19/2013,0.639
8/16/2013,0.6399
8/15/2013,0.6394
8/14/2013,0.6451
8/13/2013,0.6473
8/12/2013,0.6468
8/9/2013,0.6451
8/8/2013,0.6435
8/7/2013,0.6457
8/6/2013,0.6515
8/5/2013,0.6512
8/2/2013,0.654
8/1/2013,0.6614
7/31/2013,0.6576
7/30/2013,0.6563
7/29/2013,0.6519
7/26/2013,0.65
7/25/2013,0.6498
7/24/2013,0.653
7/23/2013,0.6507
7/22/2013,0.651
7/19/2013,0.655
7/18/2013,0.6568
7/17/2013,0.6573
7/16/2013,0.6596
7/15/2013,0.6623
7/12/2013,0.6619
7/11/2013,0.6586
7/10/2013,0.6662
7/9/2013,0.6727
7/8/2013,0.6689
7/5/2013,0.6719
7/4/2013,0.6635
7/3/2013,0.6544
7/2/2013,0.6598
7/1/2013,0.6571
6/28/2013,0.6574
6/27/2013,0.6553
6/26/2013,0.653
6/25/2013,0.6484
6/24/2013,0.6479
6/21/2013,0.6486
6/20/2013,0.6448
6/19/2013,0.6458
6/18/2013,0.6393
6/17/2013,0.6361
6/14/2013,0.6367
6/13/2013,0.6361
6/12/2013,0.6377
6/11/2013,0.6391
6/10/2013,0.6422
6/7/2013,0.6428
6/6/2013,0.641
6/5/2013,0.6491
6/4/2013,0.6531
6/3/2013,0.6527
5/31/2013,0.6579
5/30/2013,0.6565
5/29/2013,0.6609
5/28/2013,0.6649
5/27/2013,0.6623
5/24/2013,0.6612
5/23/2013,0.6619
5/22/2013,0.6644
5/21/2013,0.6599
5/20/2013,0.6555
5/17/2013,0.6592
5/16/2013,0.6549
5/15/2013,0.6564
5/14/2013,0.6575
5/13/2013,0.6537
5/10/2013,0.6511
5/9/2013,0.6473
5/8/2013,0.6437
5/7/2013,0.6459
5/6/2013,0.6435
5/3/2013,0.6421
5/2/2013,0.6437
5/1/2013,0.6429
4/30/2013,0.6439
4/29/2013,0.6452
4/26/2013,0.6463
4/25/2013,0.648
4/24/2013,0.6549
4/23/2013,0.6562
4/22/2013,0.6539
4/19/2013,0.6565
4/18/2013,0.6545
4/17/2013,0.6562
4/16/2013,0.651
4/15/2013,0.6542
4/12/2013,0.6517
4/11/2013,0.6499
4/10/2013,0.6522
4/9/2013,0.6526
4/8/2013,0.6555
4/5/2013,0.652
4/4/2013,0.6564
4/3/2013,0.661
4/2/2013,0.6621
4/1/2013,0.6566
3/29/2013,0.658
3/28/2013,0.6582
3/27/2013,0.661
3/26/2013,0.6596
3/25/2013,0.659
3/22/2013,0.6566
3/21/2013,0.6591
3/20/2013,0.6623
3/19/2013,0.6623
3/18/2013,0.662
3/15/2013,0.6617
3/14/2013,0.663
3/13/2013,0.6701
3/12/2013,0.671
3/11/2013,0.6705
3/8/2013,0.67
3/7/2013,0.666
3/6/2013,0.666
3/5/2013,0.6611
3/4/2013,0.6616
3/1/2013,0.665
2/28/2013,0.6594
2/27/2013,0.6597
2/26/2013,0.6612
2/25/2013,0.6594
2/22/2013,0.6595
2/21/2013,0.6555
2/20/2013,0.6564
2/19/2013,0.6483
2/18/2013,0.6466
2/15/2013,0.6444
2/14/2013,0.6454
2/13/2013,0.6434
2/12/2013,0.6385
2/11/2013,0.6386
2/8/2013,0.6328
2/7/2013,0.6364
2/6/2013,0.6385
2/5/2013,0.6386
2/4/2013,0.6345
2/1/2013,0.6372
1/31/2013,0.6306
1/30/2013,0.6329
1/29/2013,0.6344
1/28/2013,0.6372
1/25/2013,0.6329
1/24/2013,0.6333
1/23/2013,0.6311
1/22/2013,0.6313
1/21/2013,0.6317
1/18/2013,0.6302
1/17/2013,0.6253
1/16/2013,0.6247
1/15/2013,0.6225
1/14/2013,0.622
1/11/2013,0.6198
1/10/2013,0.6185
1/9/2013,0.6241
1/8/2013,0.6228
1/7/2013,0.6205
1/4/2013,0.6223
1/3/2013,0.6208
1/2/2013,0.6152
1/1/2013,0.6155
12/31/2012,0.6154
12/28/2012,0.6189
12/27/2012,0.6211
12/26/2012,0.6197
12/25/2012,0.6201
12/24/2012,0.6203
12/21/2012,0.6184
12/20/2012,0.6143
12/19/2012,0.6155
12/18/2012,0.6153
12/17/2012,0.6171
12/14/2012,0.6183
12/13/2012,0.6206
12/12/2012,0.6193
12/11/2012,0.6206
12/10/2012,0.622
12/7/2012,0.6234
12/6/2012,0.623
12/5/2012,0.6213
12/4/2012,0.6211
12/3/2012,0.6214
11/30/2012,0.6245
11/29/2012,0.6234
11/28/2012,0.6245
11/27/2012,0.6242
11/26/2012,0.624
11/23/2012,0.6239
11/22/2012,0.6274
11/21/2012,0.6268
11/20/2012,0.6279
11/19/2012,0.6286
11/16/2012,0.6296
11/15/2012,0.6303
11/14/2012,0.6313
11/13/2012,0.6301
11/12/2012,0.6298
11/9/2012,0.6291
11/8/2012,0.6256
11/7/2012,0.6256
11/6/2012,0.6252
11/5/2012,0.6258
11/2/2012,0.6241
11/1/2012,0.62
10/31/2012,0.62
10/30/2012,0.6222
10/29/2012,0.6237
10/26/2012,0.6209
10/25/2012,0.6204
10/24/2012,0.6235
10/23/2012,0.6268
10/22/2012,0.6244
10/19/2012,0.6249
10/18/2012,0.6233
10/17/2012,0.6193
10/16/2012,0.6207
10/15/2012,0.6223
10/12/2012,0.6223
10/11/2012,0.6232
10/10/2012,0.6247
10/9/2012,0.6248
10/8/2012,0.624
10/5/2012,0.6197
10/4/2012,0.6176
10/3/2012,0.6221
10/2/2012,0.6199
10/1/2012,0.6199
9/28/2012,0.6185
9/27/2012,0.6159
9/26/2012,0.6186
9/25/2012,0.6178
9/24/2012,0.6165
9/21/2012,0.6162
9/20/2012,0.6167
9/19/2012,0.6165
9/18/2012,0.6156
9/17/2012,0.6154
9/14/2012,0.6167
9/13/2012,0.619
9/12/2012,0.6208
9/11/2012,0.6223
9/10/2012,0.6254
9/7/2012,0.6247
9/6/2012,0.6277
9/5/2012,0.6288
9/4/2012,0.6301
9/3/2012,0.6295
8/31/2012,0.6303
8/30/2012,0.6335
8/29/2012,0.6316
8/28/2012,0.6322
8/27/2012,0.6332
8/24/2012,0.6325
8/23/2012,0.6305
8/22/2012,0.6297
8/21/2012,0.6334
8/20/2012,0.6365
8/17/2012,0.637
8/16/2012,0.6356
8/15/2012,0.6376
8/14/2012,0.6379
8/13/2012,0.6376
8/10/2012,0.6374
8/9/2012,0.6394
8/8/2012,0.6387
8/7/2012,0.6401
8/6/2012,0.6409
8/3/2012,0.6393
8/2/2012,0.6446
8/1/2012,0.6437
7/31/2012,0.6378
7/30/2012,0.6365
7/27/2012,0.635
7/26/2012,0.6375
7/25/2012,0.6452
7/24/2012,0.6449
7/23/2012,0.6448
7/20/2012,0.6401
7/19/2012,0.6359
7/18/2012,0.6389
7/17/2012,0.6388
7/16/2012,0.6396
7/13/2012,0.6421
7/12/2012,0.6481
7/11/2012,0.645
7/10/2012,0.6444
7/9/2012,0.6441
7/6/2012,0.6455
7/5/2012,0.6441
7/4/2012,0.6414
7/3/2012,0.6374
7/2/2012,0.6373
6/29/2012,0.6367
6/28/2012,0.6444
6/27/2012,0.6424
6/26/2012,0.6393
6/25/2012,0.6421
6/22/2012,0.6415
6/21/2012,0.6414
6/20/2012,0.6362
6/19/2012,0.636
6/18/2012,0.6383
6/15/2012,0.6363
6/14/2012,0.6426
6/13/2012,0.645
6/12/2012,0.6422
6/11/2012,0.6458
6/8/2012,0.6463
6/7/2012,0.644
6/6/2012,0.6453
6/5/2012,0.6501
6/4/2012,0.6501
6/1/2012,0.6509
5/31/2012,0.6491
5/30/2012,0.6461
5/29/2012,0.6394
5/28/2012,0.6376
5/25/2012,0.6384
5/24/2012,0.6381
5/23/2012,0.6373
5/22/2012,0.6345
5/21/2012,0.6315
5/18/2012,0.6324
5/17/2012,0.6331
5/16/2012,0.6285
5/15/2012,0.6253
5/14/2012,0.6214
5/11/2012,0.6223
5/10/2012,0.6194
5/9/2012,0.62
5/8/2012,0.6189
5/7/2012,0.6177
5/4/2012,0.6192
5/3/2012,0.6181
5/2/2012,0.6173
5/1/2012,0.6165
4/30/2012,0.616
4/27/2012,0.6148
4/26/2012,0.6179
4/25/2012,0.6187
4/24/2012,0.6194
4/23/2012,0.6199
4/20/2012,0.6203
4/19/2012,0.623
4/18/2012,0.6242
4/17/2012,0.628
4/16/2012,0.6289
4/13/2012,0.631
4/12/2012,0.6265
4/11/2012,0.6287
4/10/2012,0.6305
4/9/2012,0.6292
4/6/2012,0.6299
4/5/2012,0.6318
4/4/2012,0.6293
4/3/2012,0.6284
4/2/2012,0.624
3/30/2012,0.6246
3/29/2012,0.6266
3/28/2012,0.6294
3/27/2012,0.6269
3/26/2012,0.6261
3/23/2012,0.6301
3/22/2012,0.6321
3/21/2012,0.63
3/20/2012,0.6304
3/19/2012,0.6292
3/16/2012,0.6311
3/15/2012,0.6365
3/14/2012,0.6379
3/13/2012,0.6368
3/12/2012,0.6393
3/9/2012,0.638
3/8/2012,0.6317
3/7/2012,0.6353
3/6/2012,0.6363
3/5/2012,0.6303
3/2/2012,0.6316
3/1/2012,0.6267
2/29/2012,0.6283
2/28/2012,0.6289
2/27/2012,0.632
2/24/2012,0.63
2/23/2012,0.6351
2/22/2012,0.6382
2/21/2012,0.6338
2/20/2012,0.6309
2/17/2012,0.6318
2/16/2012,0.6329
2/15/2012,0.6372
2/14/2012,0.6372
2/13/2012,0.6343
2/10/2012,0.6348
2/9/2012,0.6322
2/8/2012,0.6322
2/7/2012,0.6291
2/6/2012,0.632
2/3/2012,0.6323
2/2/2012,0.6327
2/1/2012,0.6316
1/31/2012,0.6345
1/30/2012,0.6365
1/27/2012,0.6358
1/26/2012,0.6374
1/25/2012,0.6387
1/24/2012,0.64
1/23/2012,0.6423
1/20/2012,0.642
1/19/2012,0.6457
1/18/2012,0.6477
1/17/2012,0.6521
1/16/2012,0.6525
1/13/2012,0.6528
1/12/2012,0.6522
1/11/2012,0.6524
1/10/2012,0.6458
1/9/2012,0.6469
1/6/2012,0.6482
1/5/2012,0.6454
1/4/2012,0.6402
1/3/2012,0.639
1/2/2012,0.6447
12/30/2011,0.6435
12/29/2011,0.6487
12/28/2011,0.6469
12/27/2011,0.6381
12/26/2011,0.6398
12/23/2011,0.6415
12/22/2011,0.6378
12/21/2011,0.6379
12/20/2011,0.6384
12/19/2011,0.6452
12/16/2011,0.6433
12/15/2011,0.6446
12/14/2011,0.6466
12/13/2011,0.646
12/12/2011,0.6417
12/9/2011,0.6382
12/8/2011,0.6398
12/7/2011,0.6365
12/6/2011,0.641
12/5/2011,0.6391
12/2/2011,0.6412
12/1/2011,0.6373
11/30/2011,0.6368
11/29/2011,0.6412
11/28/2011,0.6448
11/25/2011,0.6478
11/24/2011,0.6453
11/23/2011,0.6441
11/22/2011,0.6396
11/21/2011,0.6393
11/18/2011,0.6327
11/17/2011,0.6347
11/16/2011,0.6356
11/15/2011,0.632
11/14/2011,0.6286
11/11/2011,0.6222
11/10/2011,0.6276
11/9/2011,0.6281
11/8/2011,0.6215
11/7/2011,0.6228
11/4/2011,0.6235
11/3/2011,0.6233
11/2/2011,0.627
11/1/2011,0.627
10/31/2011,0.6216
10/28/2011,0.6201
10/27/2011,0.6211
10/26/2011,0.626
10/25/2011,0.625
10/24/2011,0.6251
10/21/2011,0.6266
10/20/2011,0.6333
10/19/2011,0.634
10/18/2011,0.6364
10/17/2011,0.6352
10/14/2011,0.6321
10/13/2011,0.6343
10/12/2011,0.6348
10/11/2011,0.642
10/10/2011,0.6383
10/7/2011,0.6426
10/6/2011,0.6475
10/5/2011,0.6468
10/4/2011,0.6456
10/3/2011,0.648
9/30/2011,0.6417
9/29/2011,0.6399
9/28/2011,0.642
9/27/2011,0.6396
9/26/2011,0.6425
9/23/2011,0.6472
9/22/2011,0.6518
9/21/2011,0.6452
9/20/2011,0.6355
9/19/2011,0.6368
9/16/2011,0.6333
9/15/2011,0.6329
9/14/2011,0.6341
9/13/2011,0.6338
9/12/2011,0.6304
9/9/2011,0.6296
9/8/2011,0.6266
9/7/2011,0.6254
9/6/2011,0.6272
9/5/2011,0.6204
9/2/2011,0.6166
9/1/2011,0.618
8/31/2011,0.6154
8/30/2011,0.6135
8/29/2011,0.6094
8/26/2011,0.6109
8/25/2011,0.6142
8/24/2011,0.6107
8/23/2011,0.6063
8/22/2011,0.6078
8/19/2011,0.6074
8/18/2011,0.6054
8/17/2011,0.6045
8/16/2011,0.6077
8/15/2011,0.6101
8/12/2011,0.6143
8/11/2011,0.6158
8/10/2011,0.6198
8/9/2011,0.6129
8/8/2011,0.6128
8/5/2011,0.6101
8/4/2011,0.6151
8/3/2011,0.6087
8/2/2011,0.6136
8/1/2011,0.6136
7/29/2011,0.6089
7/28/2011,0.6107
7/27/2011,0.6123
7/26/2011,0.6096
7/25/2011,0.6144
7/22/2011,0.6135
7/21/2011,0.6123
7/20/2011,0.6191
7/19/2011,0.6202
7/18/2011,0.6228
7/15/2011,0.6198
7/14/2011,0.6195
7/13/2011,0.6209
7/12/2011,0.6284
7/11/2011,0.6287
7/8/2011,0.6228
7/7/2011,0.626
7/6/2011,0.6249
7/5/2011,0.6227
7/4/2011,0.6217
7/1/2011,0.6222
6/30/2011,0.623
6/29/2011,0.6226
6/28/2011,0.6249
6/27/2011,0.6254
6/24/2011,0.6266
6/23/2011,0.6248
6/22/2011,0.6222
6/21/2011,0.6156
6/20/2011,0.6172
6/17/2011,0.6175
6/16/2011,0.6189
6/15/2011,0.6175
6/14/2011,0.6109
6/13/2011,0.6106
6/10/2011,0.6162
6/9/2011,0.611
6/8/2011,0.6096
6/7/2011,0.608
6/6/2011,0.6114
6/3/2011,0.6088
6/2/2011,0.6108
6/1/2011,0.6122
5/31/2011,0.608
5/30/2011,0.607
5/27/2011,0.6057
5/26/2011,0.6096
5/25/2011,0.6145
5/24/2011,0.618
5/23/2011,0.6203
5/20/2011,0.6161
5/19/2011,0.6159
5/18/2011,0.6185
5/17/2011,0.6153
5/16/2011,0.6176
5/13/2011,0.6174
5/12/2011,0.6139
5/11/2011,0.6117
5/10/2011,0.611
5/9/2011,0.6096
5/6/2011,0.611
5/5/2011,0.6101
5/4/2011,0.6065
5/3/2011,0.6065
5/2/2011,0.6004
4/29/2011,0.5986
4/28/2011,0.6013
4/27/2011,0.6014
4/26/2011,0.6067
4/25/2011,0.6062
4/22/2011,0.6057
4/21/2011,0.6052
4/20/2011,0.6094
4/19/2011,0.6129
4/18/2011,0.6148
4/15/2011,0.6125
4/14/2011,0.6116
4/13/2011,0.6147
4/12/2011,0.6151
4/11/2011,0.6118
4/8/2011,0.6104
4/7/2011,0.6126
4/6/2011,0.6123
4/5/2011,0.6136
4/4/2011,0.6199
4/1/2011,0.6207
3/31/2011,0.6239
3/30/2011,0.6222
3/29/2011,0.6246
3/28/2011,0.6253
3/25/2011,0.6234
3/24/2011,0.6203
3/23/2011,0.6159
3/22/2011,0.6111
3/21/2011,0.6131
3/18/2011,0.616
3/17/2011,0.6198
3/16/2011,0.624
3/15/2011,0.622
3/14/2011,0.6183
3/11/2011,0.6218
3/10/2011,0.6226
3/9/2011,0.6172
3/8/2011,0.6188
3/7/2011,0.6172
3/4/2011,0.6147
3/3/2011,0.6144
3/2/2011,0.6126
3/1/2011,0.6148
2/28/2011,0.6151
2/25/2011,0.6204
2/24/2011,0.6197
2/23/2011,0.6169
2/22/2011,0.6197
2/21/2011,0.6163
2/18/2011,0.6153
2/17/2011,0.6183
2/16/2011,0.6213
2/15/2011,0.6201
2/14/2011,0.6235
2/11/2011,0.6248
2/10/2011,0.6212
2/9/2011,0.621
2/8/2011,0.6223
2/7/2011,0.6208
2/4/2011,0.6207
2/3/2011,0.6197
2/2/2011,0.6176
2/1/2011,0.6195
1/31/2011,0.6245
1/28/2011,0.6305
1/27/2011,0.6278
1/26/2011,0.6276
1/25/2011,0.6322
1/24/2011,0.6255
1/21/2011,0.625
1/20/2011,0.6291
1/19/2011,0.6252
1/18/2011,0.6265
1/17/2011,0.6294
1/14/2011,0.6301
1/13/2011,0.6314
1/12/2011,0.6343
1/11/2011,0.6411
1/10/2011,0.6421
1/7/2011,0.6432
1/6/2011,0.6463
1/5/2011,0.6446
1/4/2011,0.6416
1/3/2011,0.6456
12/31/2010,0.6405
12/30/2010,0.6483
12/29/2010,0.6452
12/28/2010,0.6507
12/27/2010,0.6485
12/24/2010,0.6475
12/23/2010,0.6482
12/22/2010,0.65
12/21/2010,0.6464
12/20/2010,0.6446
12/17/2010,0.6437
12/16/2010,0.6397
12/15/2010,0.6433
12/14/2010,0.6339
12/13/2010,0.6304
12/10/2010,0.6328
12/9/2010,0.6341
12/8/2010,0.6327
12/7/2010,0.6346
12/6/2010,0.6363
12/3/2010,0.6338
12/2/2010,0.641
12/1/2010,0.6401
11/30/2010,0.6426
11/29/2010,0.6421
11/26/2010,0.6414
11/25/2010,0.6345
11/24/2010,0.634
11/23/2010,0.6339
11/22/2010,0.6267
11/19/2010,0.6258
11/18/2010,0.6234
11/17/2010,0.6286
11/16/2010,0.6296
11/15/2010,0.6229
11/12/2010,0.6206
11/11/2010,0.6202
11/10/2010,0.6203
11/9/2010,0.6256
11/8/2010,0.6196
11/5/2010,0.618
11/4/2010,0.6147
11/3/2010,0.6218
11/2/2010,0.6234
11/1/2010,0.6236
10/29/2010,0.6235
10/28/2010,0.6271
10/27/2010,0.6342
10/26/2010,0.6311
10/25/2010,0.636
10/22/2010,0.6377
10/21/2010,0.6368
10/20/2010,0.631
10/19/2010,0.6366
10/18/2010,0.6299
10/15/2010,0.6253
10/14/2010,0.6246
10/13/2010,0.629
10/12/2010,0.6326
10/11/2010,0.6296
10/8/2010,0.6265
10/7/2010,0.6298
10/6/2010,0.6293
10/5/2010,0.6293
10/4/2010,0.6317
10/1/2010,0.6321
9/30/2010,0.6363
9/29/2010,0.6335
9/28/2010,0.6328
9/27/2010,0.6318
9/24/2010,0.6319
9/23/2010,0.6376
9/22/2010,0.6384
9/21/2010,0.6401
9/20/2010,0.6432
9/17/2010,0.6397
9/16/2010,0.64
9/15/2010,0.6401
9/14/2010,0.6436
9/13/2010,0.6481
9/10/2010,0.6511
9/9/2010,0.6481
9/8/2010,0.6464
9/7/2010,0.6511
9/6/2010,0.6496
9/3/2010,0.6472
9/2/2010,0.6493
9/1/2010,0.6471
8/31/2010,0.6515
8/30/2010,0.6468
8/27/2010,0.644
8/26/2010,0.644
8/25/2010,0.6469
8/24/2010,0.6496
8/23/2010,0.6447
8/20/2010,0.6437
8/19/2010,0.6411
8/18/2010,0.6413
8/17/2010,0.6416
8/16/2010,0.6384
8/13/2010,0.6414
8/12/2010,0.6419
8/11/2010,0.6387
8/10/2010,0.6308
8/9/2010,0.6293
8/6/2010,0.6272
8/5/2010,0.6291
8/4/2010,0.6296
8/3/2010,0.6268
8/2/2010,0.6295
7/30/2010,0.6373
7/29/2010,0.6405
7/28/2010,0.6411
7/27/2010,0.6413
7/26/2010,0.6456
7/23/2010,0.6483
7/22/2010,0.6554
7/21/2010,0.6595
7/20/2010,0.6551
7/19/2010,0.6566
7/16/2010,0.6535
7/15/2010,0.6467
7/14/2010,0.655
7/13/2010,0.6589
7/12/2010,0.6652
7/9/2010,0.6638
7/8/2010,0.6593
7/7/2010,0.6584
7/6/2010,0.6601
7/5/2010,0.6607
7/2/2010,0.6581
7/1/2010,0.6589
6/30/2010,0.6691
6/29/2010,0.6637
6/28/2010,0.662
6/25/2010,0.6638
6/24/2010,0.6695
6/23/2010,0.6686
6/22/2010,0.675
6/21/2010,0.6776
6/18/2010,0.6745
6/17/2010,0.6746
6/16/2010,0.6789
6/15/2010,0.6754
6/14/2010,0.6783
6/11/2010,0.6872
6/10/2010,0.6796
6/9/2010,0.6883
6/8/2010,0.6912
6/7/2010,0.6912
6/4/2010,0.6919
6/3/2010,0.6843
6/2/2010,0.6825
6/1/2010,0.6826
5/31/2010,0.6878
5/28/2010,0.6916
5/27/2010,0.6858
5/26/2010,0.6951
5/25/2010,0.694
5/24/2010,0.6933
5/21/2010,0.6916
5/20/2010,0.6961
5/19/2010,0.6924
5/18/2010,0.6976
5/17/2010,0.6909
5/14/2010,0.6879
5/13/2010,0.6843
5/12/2010,0.6746
5/11/2010,0.6687
5/10/2010,0.6736
5/7/2010,0.6755
5/6/2010,0.6741
5/5/2010,0.6622
5/4/2010,0.6604
5/3/2010,0.6559
4/30/2010,0.6547
4/29/2010,0.6527
4/28/2010,0.6575
4/27/2010,0.6551
4/26/2010,0.6469
4/23/2010,0.6503
4/22/2010,0.6503
4/21/2010,0.6489
4/20/2010,0.6511
4/19/2010,0.652
4/16/2010,0.6509
4/15/2010,0.6454
4/14/2010,0.6466
4/13/2010,0.6502
4/12/2010,0.6507
4/9/2010,0.6506
4/8/2010,0.6545
4/7/2010,0.6561
4/6/2010,0.655
4/5/2010,0.6538
4/2/2010,0.6575
4/1/2010,0.6539
3/31/2010,0.6586
3/30/2010,0.6636
3/29/2010,0.6672
3/26/2010,0.6713
3/25/2010,0.6751
3/24/2010,0.6726
3/23/2010,0.6645
3/22/2010,0.6622
